Agência Nacional de Águas - ANA;;;;;;;;;;;;;;;;;;;;;;;;;;;;;;;;;;;;;;;;;;;;;;;;;;;;;;;;;;;;;;;;;;;;;;;;;;
Superintendência de Gestão da Rede Hidrometeorológica-SGH;;;;;;;;;;;;;;;;;;;;;;;;;;;;;;;;;;;;;;;;;;;;;;;;;;;;;;;;;;;;;;;;;;;;;;;;;;
Sistema de Informações Hidrológicas - Versão WEB;;;;;;;;;;;;;;;;;;;;;;;;;;;;;;;;;;;;;;;;;;;;;;;;;;;;;;;;;;;;;;;;;;;;;;;;;;
Fone: (61) 2109-5242;;;;;;;;;;;;;;;;;;;;;;;;;;;;;;;;;;;;;;;;;;;;;;;;;;;;;;;;;;;;;;;;;;;;;;;;;;
E-mail: hidro@ana.gov.br;;;;;;;;;;;;;;;;;;;;;;;;;;;;;;;;;;;;;;;;;;;;;;;;;;;;;;;;;;;;;;;;;;;;;;;;;;
;;;;;;;;;;;;;;;;;;;;;;;;;;;;;;;;;;;;;;;;;;;;;;;;;;;;;;;;;;;;;;;;;;;;;;;;;;
NivelConsistencia: 1 = Bruto, 2 = Consistido;;;;;;;;;;;;;;;;;;;;;;;;;;;;;;;;;;;;;;;;;;;;;;;;;;;;;;;;;;;;;;;;;;;;;;;;;;
TipoMedicaoChuvas: 1 = Pluviômetro, 2 = Pluviógrafo, 3 = Data logger;;;;;;;;;;;;;;;;;;;;;;;;;;;;;;;;;;;;;;;;;;;;;;;;;;;;;;;;;;;;;;;;;;;;;;;;;;
Status: 0 = Branco, 1 = Real, 2 = Estimado, 3 = Duvidoso, 4 = Acumulado;;;;;;;;;;;;;;;;;;;;;;;;;;;;;;;;;;;;;;;;;;;;;;;;;;;;;;;;;;;;;;;;;;;;;;;;;;
;;;;;;;;;;;;;;;;;;;;;;;;;;;;;;;;;;;;;;;;;;;;;;;;;;;;;;;;;;;;;;;;;;;;;;;;;;
Restrições da consulta:;;;;;;;;;;;;;;;;;;;;;;;;;;;;;;;;;;;;;;;;;;;;;;;;;;;;;;;;;;;;;;;;;;;;;;;;;;
Código da Estação:1054002;;;;;;;;;;;;;;;;;;;;;;;;;;;;;;;;;;;;;;;;;;;;;;;;;;;;;;;;;;;;;;;;;;;;;;;;;;
;;;;;;;;;;;;;;;;;;;;;;;;;;;;;;;;;;;;;;;;;;;;;;;;;;;;;;;;;;;;;;;;;;;;;;;;;;
;;;;;;;;;;;;;;;;;;;;;;;;;;;;;;;;;;;;;;;;;;;;;;;;;;;;;;;;;;;;;;;;;;;;;;;;;;
EstacaoCodigo;NivelConsistencia;Data;TipoMedicaoChuvas;Maxima;Total;DiaMaxima;NumDiasDeChuva;MaximaStatus;TotalStatus;NumDiasDeChuvaStatus;TotalAnual;TotalAnualStatus;Chuva01;Chuva02;Chuva03;Chuva04;Chuva05;Chuva06;Chuva07;Chuva08;Chuva09;Chuva10;Chuva11;Chuva12;Chuva13;Chuva14;Chuva15;Chuva16;Chuva17;Chuva18;Chuva19;Chuva20;Chuva21;Chuva22;Chuva23;Chuva24;Chuva25;Chuva26;Chuva27;Chuva28;Chuva29;Chuva30;Chuva31;Chuva01Status;Chuva02Status;Chuva03Status;Chuva04Status;Chuva05Status;Chuva06Status;Chuva07Status;Chuva08Status;Chuva09Status;Chuva10Status;Chuva11Status;Chuva12Status;Chuva13Status;Chuva14Status;Chuva15Status;Chuva16Status;Chuva17Status;Chuva18Status;Chuva19Status;Chuva20Status;Chuva21Status;Chuva22Status;Chuva23Status;Chuva24Status;Chuva25Status;Chuva26Status;Chuva27Status;Chuva28Status;Chuva29Status;Chuva30Status;Chuva31Status
1054002;1;01/08/2025;1;0;0;1;0;1;1;1;;0;0;0;0;0;0;0;0;0;0;0;0;0;0;0;0;0;0;0;0;0;0;0;0;0;0;0;0;0;0;0;0;1;1;1;1;1;1;1;1;1;1;1;1;1;1;1;1;1;1;1;1;1;1;1;1;1;1;1;1;1;1;1
1054002;1;01/07/2025;1;0;0;1;0;1;1;1;;0;0;0;0;0;0;0;0;0;0;0;0;0;0;0;0;0;0;0;0;0;0;0;0;0;0;0;0;0;0;0;0;1;1;1;1;1;1;1;1;1;1;1;1;1;1;1;1;1;1;1;1;1;1;1;1;1;1;1;1;1;1;1
1054002;1;01/06/2025;1;0;0;1;0;1;1;1;;0;0;0;0;0;0;0;0;0;0;0;0;0;0;0;0;0;0;0;0;0;0;0;0;0;0;0;0;0;0;0;;1;1;1;1;1;1;1;1;1;1;1;1;1;1;1;1;1;1;1;1;1;1;1;1;1;1;1;1;1;1;0
1054002;1;01/05/2025;1;12;12;3;1;1;1;1;;0;0;0;12;0;0;0;0;0;0;0;0;0;0;0;0;0;0;0;0;0;0;0;0;0;0;0;0;0;0;0;0;1;1;1;1;1;1;1;1;1;1;1;1;1;1;1;1;1;1;1;1;1;1;1;1;1;1;1;1;1;1;1
1054002;1;01/04/2025;1;78,9;226,5;9;13;3;3;3;;0;1,5;2,6;0;0;4,9;0;0;6,6;78,9;0;0;0;13;18;0;0;8;0;6;0;0;0;25;0;0;0;26;14;0;22;;1;1;1;1;1;1;1;1;1;1;1;1;3;3;1;1;3;1;3;1;1;1;3;1;1;1;3;3;1;3;0
1054002;1;01/03/2025;1;70,6;204,6;1;13;1;1;1;;0;70,6;5,8;0;0;17,3;0;23,6;0;0;0;3,9;18,6;0;6,5;0;12,9;0;0;0;0;18,6;0;0;0;0;15,1;3,9;0;0;3,3;4,5;1;1;1;1;1;1;1;1;1;1;1;1;1;1;1;1;1;1;1;1;1;1;1;1;1;1;1;1;1;1;1
1054002;1;01/02/2025;1;50,6;264,9;27;16;1;1;1;;0;12,8;11,5;6,1;3,4;2,1;4,9;0;0;7,6;0;0;26,8;18,6;3,5;11,1;0;40,4;0;0;0;15,7;18,9;0;0;0;0;50,6;30,9;;;;1;1;1;1;1;1;1;1;1;1;1;1;1;1;1;1;1;1;1;1;1;1;1;1;1;1;1;1;0;0;0
1054002;1;01/01/2025;1;41,7;231,6;14;19;1;1;1;;0;0,6;12,9;0;0;8,5;2,6;10,9;0;0;5,9;0;7,6;4,3;41,7;0;14,3;15,6;3,9;6,4;10,7;2,1;33,69;0;0;15,3;0;20,7;0;13,9;0;0;1;1;1;1;1;1;1;1;1;1;1;1;1;1;1;1;1;1;1;1;1;1;1;1;1;1;1;1;1;1;1
1054002;1;01/12/2024;1;57,9;194,2;28;8;3;3;3;;0;0;0;0;0;0;12;0;0;18;0;0;0;0;35;0;0;0;0;0;0;0;0;36;0;15;16,7;0;57,9;3,6;0;0;1;1;1;1;1;3;1;1;3;1;1;1;1;3;1;1;1;1;1;1;1;1;3;1;3;1;1;1;1;1;1
1054002;1;01/11/2024;1;54,7;268,6;8;14;1;1;1;;0;0;12,9;10,9;54,3;10,1;0;0;54,7;0;0;16,7;0;13,9;0,6;12,4;16,1;0;0;0;4,1;0;0;53,5;0;0;6,3;2,1;0;0;0;;1;1;1;1;1;1;1;1;1;1;1;1;1;1;1;1;1;1;1;1;1;1;1;1;1;1;1;1;1;1;0
1054002;1;01/10/2024;1;30,7;61,2;16;6;1;1;1;;0;0;0;3,4;0;0;0;0;0;0;0;0;0;0;0;0;30,7;0;6,9;11,6;2,9;5,7;0;0;0;0;0;0;0;0;0;0;1;1;1;1;1;1;1;1;1;1;1;1;1;1;1;1;1;1;1;1;1;1;1;1;1;1;1;1;1;1;1
1054002;1;01/09/2024;1;41,7;54,5;19;3;1;1;1;;0;0;0;0;0;0;0;0;0;0;0;0;0;0;0;0;0;0;0;41,7;0;0;0;0;0;0;3,4;0;0;0;9,4;;1;1;1;1;1;1;1;1;1;1;1;1;1;1;1;1;1;1;1;1;1;1;1;1;1;1;1;1;1;1;0
1054002;1;01/08/2024;1;0;0;1;0;1;1;1;;0;0;0;0;0;0;0;0;0;0;0;0;0;0;0;0;0;0;0;0;0;0;0;0;0;0;0;0;0;0;0;0;1;1;1;1;1;1;1;1;1;1;1;1;1;1;1;1;1;1;1;1;1;1;1;1;1;1;1;1;1;1;1
1054002;1;01/07/2024;1;0;0;1;0;1;1;1;;0;0;0;0;0;0;0;0;0;0;0;0;0;0;0;0;0;0;0;0;0;0;0;0;0;0;0;0;0;0;0;0;1;1;1;1;1;1;1;1;1;1;1;1;1;1;1;1;1;1;1;1;1;1;1;1;1;1;1;1;1;1;1
1054002;1;01/06/2024;1;0;0;1;0;1;1;1;;0;0;0;0;0;0;0;0;0;0;0;0;0;0;0;0;0;0;0;0;0;0;0;0;0;0;0;0;0;0;0;;1;1;1;1;1;1;1;1;1;1;1;1;1;1;1;1;1;1;1;1;1;1;1;1;1;1;1;1;1;1;0
1054002;1;01/05/2024;1;0;0;1;0;1;1;1;;0;0;0;0;0;0;0;0;0;0;0;0;0;0;0;0;0;0;0;0;0;0;0;0;0;0;0;0;0;0;0;0;1;1;1;1;1;1;1;1;1;1;1;1;1;1;1;1;1;1;1;1;1;1;1;1;1;1;1;1;1;1;1
1054002;1;01/04/2024;1;14,1;63,2;1;9;1;1;1;;0;14,1;0;0;0;3,9;6,5;0;0;0;12,9;5,6;0;0;3,5;0;0;0;0;0;5,1;0;0;6,9;0;0;4,7;0;0;0;0;;1;1;1;1;1;1;1;1;1;1;1;1;1;1;1;1;1;1;1;1;1;1;1;1;1;1;1;1;1;1;0
1054002;1;01/03/2024;1;75,6;256,2;27;15;1;1;1;;0;3,9;0;0;19,7;0;6,5;19,3;3,7;4,1;0;0;0;12,1;0;6,4;0;9,1;18,6;11,2;0;0;0;0;7,2;0;3,1;75,6;55,7;0;0;0;1;1;1;1;1;1;1;1;1;1;1;1;1;1;1;1;1;1;1;1;1;1;1;1;1;1;1;1;1;1;1
1054002;1;01/02/2024;1;81,3;384;10;17;1;1;1;;0;0;71,2;11,4;0;24,8;0;2,9;0;5,1;81,3;0;0;3,1;0;0;23,6;0;6,9;0;2,5;53,9;4,6;3,9;1,6;3,8;0;72,3;11,1;0;;;1;1;1;1;1;1;1;1;1;1;1;1;1;1;1;1;1;1;1;1;1;1;1;1;1;1;1;1;1;0;0
1054002;1;01/01/2024;1;48,4;341,1;8;19;2;2;2;;0;1,9;8,8;16,9;13,8;19,6;16,2;2,6;48,4;0;29,6;36,3;0;0;0;14,6;0;0;0;2,5;0;46,6;0;0;0;14,9;7,7;3,4;44,5;0;9,7;3,1;1;1;1;1;1;1;1;1;1;1;1;1;1;1;1;1;1;1;1;1;1;1;1;1;1;1;1;1;1;1;1
1054002;1;01/12/2023;1;52,7;334,5;31;12;1;1;1;;0;0;16,2;0;0;16,8;0;0;0;0;0;33,6;0;27,3;8,6;0;0;0;46,3;0;0;16,4;0;43,5;0;12,9;0;0;19,1;41,1;0;52,7;1;1;1;1;1;1;1;1;1;1;1;1;1;1;1;1;1;1;1;1;1;1;1;1;1;1;1;1;1;1;1
1054002;1;01/11/2023;1;61,8;150;23;8;1;1;1;;0;0;0;26,7;6,9;0;0;0;0;0;0;0;0;0;0;0;0;1,7;0;0,3;4,1;3,6;0;61,8;0;0;0;44,9;0;0;0;;1;1;1;1;1;1;1;1;1;1;1;1;1;1;1;1;1;1;1;1;1;1;1;1;1;1;1;1;1;1;0
1054002;1;01/10/2023;1;59,9;92,9;10;5;1;1;1;;0;0;0;0;0;0;0;0;0;0;59,9;0;9,1;18,9;0;0;0;3,8;0;0;0;0;1,2;0;0;0;0;0;0;0;0;0;1;1;1;1;1;1;1;1;1;1;1;1;1;1;1;1;1;1;1;1;1;1;1;1;1;1;1;1;1;1;1
1054002;1;01/09/2023;1;16,2;34,9;17;4;1;1;1;;0;0;0;0;0;0;0;0;0;0;0;0;0;6,9;0;0;11,6;16,2;0;0;0;0;0;0;0;0;0;0;0;0,2;0;;1;1;1;1;1;1;1;1;1;1;1;1;1;1;1;1;1;1;1;1;1;1;1;1;1;1;1;1;1;1;0
1054002;1;01/08/2023;1;66,1;80,9;27;4;1;1;1;;0;0;0;0;0;0;0;0;0;0;0;0;0;0;0;0;0;0;0;0;0;0;0;0;0;0;12,8;66,1;0,8;0;0;1,2;1;1;1;1;1;1;1;1;1;1;1;1;1;1;1;1;1;1;1;1;1;1;1;1;1;1;1;1;1;1;1
1054002;1;01/07/2023;1;0,5;0,5;8;1;1;1;1;;0;0;0;0;0;0;0;0;0,5;0;0;0;0;0;0;0;0;0;0;0;0;0;0;0;0;0;0;0;0;0;0;0;1;1;1;1;1;1;1;1;1;1;1;1;1;1;1;1;1;1;1;1;1;1;1;1;1;1;1;1;1;1;1
1054002;1;01/06/2023;1;39,8;39,8;2;1;1;1;1;;0;0;39,8;0;0;0;0;0;0;0;0;0;0;0;0;0;0;0;0;0;0;0;0;0;0;0;0;0;0;0;0;;1;1;1;1;1;1;1;1;1;1;1;1;1;1;1;1;1;1;1;1;1;1;1;1;1;1;1;1;1;1;0
1054002;1;01/05/2023;1;17,6;27,5;1;2;1;1;1;;0;17,6;0;0;0;0;0;9,9;0;0;0;0;0;0;0;0;0;0;0;0;0;0;0;0;0;0;0;0;0;0;0;0;1;1;1;1;1;1;1;1;1;1;1;1;1;1;1;1;1;1;1;1;1;1;1;1;1;1;1;1;1;1;1
1054002;1;01/04/2023;1;26,9;209;11;;1;1;0;;0;20,2;0;6,5;0;25,9;0;3,8;21,3;9,6;10,8;26,9;0;0;11,6;0;0;3,1;11,6;10,8;0;4,3;0;8,1;0;12,6;5,8;0;0;2,6;13,5;;1;1;1;1;1;1;1;1;1;1;1;1;1;1;1;1;1;1;1;1;1;1;4;1;1;1;1;1;1;1;0
1054002;1;01/03/2023;1;19,9;207,4;10;20;1;1;1;;0;19,3;0;9,6;3,1;0;0;18,7;12,3;0;19,9;0;5,3;0,2;0;0;10,9;3,1;6,7;15,8;16,3;19,7;0;2,6;4,1;0;0;6,2;17,1;0;8,8;7,7;1;1;1;1;1;1;1;1;1;1;1;1;1;1;1;1;1;1;1;1;1;1;1;1;1;1;1;1;1;1;1
1054002;1;01/02/2023;1;101,6;287,8;22;13;1;1;1;;0;5,1;7,6;0;0;29,8;27,3;0;0;0;0;0;0,7;0;0;21,9;0;0;31,7;0;6,9;12,4;101,6;0;0;12,3;0;21,1;9,4;;;;1;1;1;1;1;1;1;1;1;1;1;1;1;1;1;1;1;1;1;1;1;1;1;1;1;1;1;1;0;0;0
1054002;1;01/01/2023;1;30,7;224,3;12;16;1;1;1;;0;0;25,1;5,3;22,5;0;0;0;16,5;19,6;0;0;30,7;0;0;6,8;13,3;0;0;0;26,5;0;7,6;0;8,9;0;13,6;9,4;8,7;4,6;5,2;0;1;1;1;1;1;1;1;1;1;1;1;1;1;1;1;1;1;1;1;1;1;1;1;1;1;1;1;1;1;1;1
1054002;1;01/12/2022;1;90,3;498,3;31;19;1;1;1;;0;17,2;36,9;27,6;9,6;3,4;3,9;7,7;0;0;0;66,7;0;0;0;41,9;0;2,4;29,2;14,6;2,4;0;0;0;36,4;16,8;0;0;16,6;59,8;14,9;90,3;1;1;1;1;1;1;1;1;1;1;1;1;1;1;1;1;1;1;1;1;1;1;1;1;1;1;1;1;1;1;1
1054002;1;01/11/2022;1;76,6;188,4;15;9;1;1;1;;0;30;23,6;0;0;0;0;0;0;0;7,4;0;0;0;0;76,6;4,6;0;0;0;4,9;0;9,7;0;0;0;26,9;4,7;0;0;0;;1;1;1;1;1;1;1;1;1;1;1;1;1;1;1;1;1;1;1;1;1;1;1;1;1;1;1;1;1;1;0
1054002;1;01/10/2022;1;45,6;169,1;17;9;1;1;1;;0;0;0;38,4;0;0;0;16,6;0;0;0;0;0;0;0;6,1;5,4;45,6;0;17,6;0;0;0;16,2;0;8,5;0;0;0;14,7;0;0;1;1;1;1;1;1;1;1;1;1;1;1;1;1;1;1;1;1;1;1;1;1;1;1;1;1;1;1;1;1;1
1054002;1;01/09/2022;1;38,1;50,3;26;3;1;1;1;;0;0;0;0;0;0;0;0;0;0;0;0;0;0;0;0;0;10,9;1,3;0;0;0;0;0;0;0;38,1;0;0;0;0;;1;1;1;1;1;1;1;1;1;1;1;1;1;1;1;1;1;1;1;1;1;1;1;1;1;1;1;1;1;1;0
1054002;1;01/08/2022;1;0;0;1;0;1;1;1;;0;0;0;0;0;0;0;0;0;0;0;0;0;0;0;0;0;0;0;0;0;0;0;0;0;0;0;0;0;0;0;0;1;1;1;1;1;1;1;1;1;1;1;1;1;1;1;1;1;1;1;1;1;1;1;1;1;1;1;1;1;1;1
1054002;1;01/07/2022;1;0;0;1;0;1;1;1;;0;0;0;0;0;0;0;0;0;0;0;0;0;0;0;0;0;0;0;0;0;0;0;0;0;0;0;0;0;0;0;0;1;1;1;1;1;1;1;1;1;1;1;1;1;1;1;1;1;1;1;1;1;1;1;1;1;1;1;1;1;1;1
1054002;1;01/06/2022;1;5,6;5,6;4;1;1;1;1;;0;0;0;0;5,6;0;0;0;0;0;0;0;0;0;0;0;0;0;0;0;0;0;0;0;0;0;0;0;0;0;0;;1;1;1;1;1;1;1;1;1;1;1;1;1;1;1;1;1;1;1;1;1;1;1;1;1;1;1;1;1;1;0
1054002;1;01/05/2022;1;6,6;6,6;5;1;1;1;1;;0;0;0;0;0;6,6;0;0;0;0;0;0;0;0;0;0;0;0;0;0;0;0;0;0;0;0;0;0;0;0;0;0;1;1;1;1;1;1;1;1;1;1;1;1;1;1;1;1;1;1;1;1;1;1;1;1;1;1;1;1;1;1;1
1054002;1;01/04/2022;1;60,4;149,4;15;6;1;1;1;;0;1,7;0;0;0;0;0;0;29,7;0;0;0;0;0;20,6;60,4;30,9;0;0;0;6,1;0;0;0;0;0;0;0;0;0;0;;1;1;1;1;1;1;1;1;1;1;1;1;1;1;1;1;1;1;1;1;1;1;1;1;1;1;1;1;1;1;0
1054002;1;01/03/2022;1;66,1;297,1;6;16;1;1;1;;0;0;6,8;22,7;0;0;66,1;16,5;27,9;6,1;2,9;0;0;0;5,7;0;14,6;3,4;10,9;0;0;0;0;0;28,9;0;14,1;15,6;0;0;8,6;46,3;1;1;1;1;1;1;1;1;1;1;1;1;1;1;1;1;1;1;1;1;1;1;1;1;1;1;1;1;1;1;1
1054002;1;01/02/2022;1;70;361,5;12;13;1;1;1;;0;0;6,1;23,8;0;30;0;0;15;12;0;60,9;70;0;0;23,9;0;0;46,1;0;0;18,6;0;0;15,9;22,6;16,6;0;0;;;;1;1;1;1;1;1;1;1;1;1;1;1;1;1;1;1;1;1;1;1;1;1;1;1;1;1;1;1;0;0;0
1054002;1;01/01/2022;1;43,5;235,1;27;14;1;1;1;;0;0;0;12,9;0;10,6;0;0;28,9;0;6,6;0;17,3;0;0;9,6;0;0;0;29,7;0;4,4;0;0;0;38,7;0;43,5;13,6;8,9;3,1;7,3;1;1;1;1;1;1;1;1;1;1;1;1;1;1;1;1;1;1;1;1;1;1;1;1;1;1;1;1;1;1;1
1054002;1;01/12/2021;1;118,3;624,7;26;23;1;1;1;;0;3,8;6,4;16,1;3,5;0;0;0;0;12,6;0;22,9;46,6;0,9;30,2;107,8;0,6;13,5;0;44,5;0;12,1;22,6;12,8;6,1;0,6;118,3;4,1;44,3;32,1;0;62,3;1;1;1;1;1;1;1;1;1;1;1;1;1;1;1;1;1;1;1;1;1;1;1;1;1;1;1;1;1;1;1
1054002;1;01/11/2021;1;46,7;228,6;26;14;1;1;1;;0;0;0;0;16,6;0;0;20;28,8;0;0;25,5;0;6;0;20,6;0;0;12,9;31,9;0;0;3,9;0;0;0;46,7;4,1;7,3;1,6;2,7;;1;1;1;1;1;1;1;1;1;1;1;1;1;1;1;1;1;1;1;1;1;1;1;1;1;1;1;1;1;1;0
1054002;1;01/10/2021;1;62,7;154,1;23;9;1;1;1;;0;3,6;23,9;2,1;0;4,9;0;0;0;0;0;0;44,5;0;0;0;0;2,1;0;0;0;0;8,7;62,7;0;0;0;1,6;0;0;0;0;1;1;1;1;1;1;1;1;1;1;1;1;1;1;1;1;1;1;1;1;1;1;1;1;1;1;1;1;1;1;1
1054002;1;01/09/2021;1;26,6;135,9;12;11;1;1;1;;0;0;9,9;0;0;0;0;2,3;0;1,4;2,6;0;26,6;0;22,9;0;16,8;0;0;0;0;0;0;0;20;0;22,6;0;0;4,9;5,9;;1;1;1;1;1;1;1;1;1;1;1;1;1;1;1;1;1;1;1;1;1;1;1;1;1;1;1;1;1;1;0
1054002;1;01/08/2021;1;0;0;1;0;1;1;1;;0;0;0;0;0;0;0;0;0;0;0;0;0;0;0;0;0;0;0;0;0;0;0;0;0;0;0;0;0;0;0;0;1;1;1;1;1;1;1;1;1;1;1;1;1;1;1;1;1;1;1;1;1;1;1;1;1;1;1;1;1;1;1
1054002;1;01/06/2021;1;0;0;1;0;1;1;1;;0;0;0;0;0;0;0;0;0;0;0;0;0;0;0;0;0;0;0;0;0;0;0;0;0;0;0;0;0;0;0;;1;1;1;1;1;1;1;1;1;1;1;1;1;1;1;1;1;1;1;1;1;1;1;1;1;1;1;1;1;1;0
1054002;1;01/05/2021;1;8;12;5;2;1;1;1;;0;0;0;0;0;8;0;0;0;0;4;0;0;0;0;0;0;0;0;0;0;0;0;0;0;0;0;0;0;0;0;0;1;1;1;1;1;1;1;1;1;1;1;1;1;1;1;1;1;1;1;1;1;1;1;1;1;1;1;1;1;1;1
1054002;1;01/04/2021;1;68,1;275,2;22;14;1;1;1;;0;0;0;22;0;3,1;1,6;8,9;17;43,3;18,9;0;0;0;0;18;0;0;22,6;0;7,6;0;68,1;0;0;12,5;0;13,9;0;17,7;0;;1;1;1;1;1;1;1;1;1;1;1;1;1;1;1;1;1;1;1;1;1;1;1;1;1;1;1;1;1;1;0
1054002;1;01/03/2021;1;58,3;369;3;17;1;1;1;;0;1,1;36,6;58,3;36,7;0;36,6;50,9;30,3;0;16,6;0;0;0;0;0;22,7;0;14,8;0;19,5;0;11,1;0;6,3;12,9;0;0;9,6;0;3,6;1,4;1;1;1;1;1;1;1;1;1;1;1;1;1;1;1;1;1;1;1;1;1;1;1;1;1;1;1;1;1;1;1
1054002;1;01/02/2021;1;122,2;452,5;13;14;1;1;1;;0;0;0;0;26,1;1,3;0;0;3,6;0;0;0;76,6;122,2;5,8;0;12,6;0;36,6;0;6,8;0;0;0;11,7;22,5;9,6;50,9;66,2;;;;1;1;1;1;1;1;1;1;1;1;1;1;1;1;1;1;1;1;1;1;1;1;1;1;1;1;1;1;0;0;0
1054002;1;01/01/2021;1;63,4;258;17;12;1;1;1;;0;0;0;2,1;3,4;37,1;9,6;0;0;0;9,6;0;0;19,8;0;8,6;13,7;63,4;25,3;0;0;0;0;0;0;0;0;56,8;0;8,6;0;0;1;1;1;1;1;1;1;1;1;1;1;1;1;1;1;1;1;1;1;1;1;1;1;1;1;1;1;1;1;1;1
1054002;1;01/12/2020;1;65,4;466,2;27;18;1;1;1;;0;5,1;0;0;2,1;28,8;7,8;0;0;0;0;8;15,8;21,6;55,9;0;0;3,2;41,5;11,9;26,3;47,6;0;42,1;0;61,5;12;65,4;9,6;0;0;0;1;1;1;1;1;1;1;1;1;1;1;1;1;1;1;1;1;1;1;1;1;1;1;1;1;1;1;1;1;1;1
1054002;1;01/11/2020;1;34,9;117;1;12;1;1;1;;0;34,9;19,8;8,9;1,2;0;0;0;0;0;0;0;0;0;0;0;0;0;3,6;6,5;0;0;0;11,8;0;1,3;4,9;3,1;0;20,7;0,3;;1;1;1;1;1;1;1;1;1;1;1;1;1;1;1;1;1;1;1;1;1;1;1;1;1;1;1;1;1;1;0
1054002;1;01/10/2020;1;24,3;71,4;6;6;1;1;1;;0;0;0;0;0;0;24,3;3,4;0;0;0;17,4;0;0;0;0;0;0;0;17,1;6,1;0;0;0;0;0;0;0;0;3,1;0;0;1;1;1;1;1;1;1;1;1;1;1;1;1;1;1;1;1;1;1;1;1;1;1;1;1;1;1;1;1;1;1
1054002;1;01/09/2020;1;28,9;41;23;5;1;1;1;;0;0;0;0;0;0;0;0;0;0;0;0;0;0;0;0;0;0;0;0;0;0;3,7;28,9;0;0;3,1;0,2;0;0;5,1;;1;1;1;1;1;1;1;1;1;1;1;1;1;1;1;1;1;1;1;1;1;1;1;1;1;1;1;1;1;1;0
1054002;1;01/08/2020;1;1,1;1,1;29;1;1;1;1;;0;0;0;0;0;0;0;0;0;0;0;0;0;0;0;0;0;0;0;0;0;0;0;0;0;0;0;0;0;1,1;0;0;1;1;1;1;1;1;1;1;1;1;1;1;1;1;1;1;1;1;1;1;1;1;1;1;1;1;1;1;1;1;1
1054002;1;01/07/2020;1;0;0;1;0;1;1;1;;0;0;0;0;0;0;0;0;0;0;0;0;0;0;0;0;0;0;0;0;0;0;0;0;0;0;0;0;0;0;0;0;1;1;1;1;1;1;1;1;1;1;1;1;1;1;1;1;1;1;1;1;1;1;1;1;1;1;1;1;1;1;1
1054002;1;01/06/2020;1;1,1;1,1;5;1;1;1;1;;0;0;0;0;0;1,1;0;0;0;0;0;0;0;0;0;0;0;0;0;0;0;0;0;0;0;0;0;0;0;0;0;;1;1;1;1;1;1;1;1;1;1;1;1;1;1;1;1;1;1;1;1;1;1;1;1;1;1;1;1;1;1;0
1054002;1;01/05/2020;1;23,4;47;7;4;1;1;1;;0;0;0;0;0;0;0;23,4;0;0;0;0;0;0;0;0;0;0;0;1,1;3,9;18,6;0;0;0;0;0;0;0;0;0;0;1;1;1;1;1;1;1;1;1;1;1;1;1;1;1;1;1;1;1;1;1;1;1;1;1;1;1;1;1;1;1
1054002;1;01/04/2020;1;46,7;200,1;15;14;1;1;1;;0;0;0;5,9;0;0;6,1;0;20,7;3,1;0;0;3,9;29,3;0;46,7;0;17;0;1,4;11,9;20,5;0;0;18,7;0;3,6;11,3;0;0;0;;1;1;1;1;1;1;1;1;1;1;1;1;1;1;1;1;1;1;1;1;1;1;1;1;1;1;1;1;1;1;0
1054002;1;01/03/2020;1;67,7;300,1;9;14;1;1;1;;0;0;3,2;20,7;0;0;6,8;0;3,1;67,7;0;2,9;19,7;0;12,2;0;0;0;0;0;25,3;35,8;0;0;8,5;2,6;0;61,7;0;0;29,9;0;1;1;1;1;1;1;1;1;1;1;1;1;1;1;1;1;1;1;1;1;1;1;1;1;1;1;1;1;1;1;1
1054002;1;01/02/2020;1;64,7;413,1;22;19;1;1;1;;0;0;0;7,7;0;3,8;43,9;33,4;29,6;23,1;61,6;0;0,7;0;12,1;0;0;16,1;0;19,7;0;1,3;64,7;5,3;26,3;0,4;0;12,5;40,6;10,3;;;1;1;1;1;1;1;1;1;1;1;1;1;1;1;1;1;1;1;1;1;1;1;1;1;1;1;1;1;1;0;0
1054002;1;01/01/2020;1;30,1;194,7;2;14;1;1;1;;0;16,9;30,1;0;0;0;23;0;20;22,5;3;0;0;6,5;13,7;0;0,4;0;0;0;0;0;0;11,6;11,7;17,6;0;0;8,6;9,1;0;0;1;1;1;1;1;1;1;1;1;1;1;1;1;1;1;1;1;1;1;1;1;1;1;1;1;1;1;1;1;1;1
1054002;1;01/12/2019;1;148,9;403,4;28;11;1;1;1;;0;0;0;10,1;0;0;15,6;0;0;30,7;22,2;0;12,7;97,8;0;0;0;5,8;0;0;0;0;23,7;29,6;0;0;0;0;148,9;0;6,3;0;1;1;1;1;1;1;1;1;1;1;1;1;1;1;1;1;1;1;1;1;1;1;1;1;1;1;1;1;1;1;1
1054002;1;01/11/2019;1;123;307,2;29;12;1;1;1;;0;0;0;39,9;0;3,6;36,3;0;0;12,6;0;0;0;0;18,4;3,9;0;0;0;30,7;0;0;2,8;0;16,3;9;0;10,7;0;123;0;;1;1;1;1;1;1;1;1;1;1;1;1;1;1;1;1;1;1;1;1;1;1;1;1;1;1;1;1;1;1;0
1054002;1;01/10/2019;1;33,4;179,3;22;9;1;1;1;;0;0;0;0;0;0;0;0;0;32,7;4,2;0;12,9;0;0;0;16;33,3;0;0;0;0;33,4;7;0;0;28,1;0;0;11,7;0;0;1;1;1;1;1;1;1;1;1;1;1;1;1;1;1;1;1;1;1;1;1;1;1;1;1;1;1;1;1;1;1
1054002;1;01/09/2019;1;9,1;10;24;2;1;1;1;;0;0;0;0;0;0;0;0;0;0;0;0;0;0;0;0;0;0;0;0;0;0;0;0,9;9,1;0;0;0;0;0;0;;1;1;1;1;1;1;1;1;1;1;1;1;1;1;1;1;1;1;1;1;1;1;1;1;1;1;1;1;1;1;0
1054002;1;01/08/2019;1;0;0;1;0;1;1;1;;0;0;0;0;0;0;0;0;0;0;0;0;0;0;0;0;0;0;0;0;0;0;0;0;0;0;0;0;0;0;0;0;1;1;1;1;1;1;1;1;1;1;1;1;1;1;1;1;1;1;1;1;1;1;1;1;1;1;1;1;1;1;1
1054002;1;01/07/2019;1;0;0;1;0;1;1;1;;0;0;0;0;0;0;0;0;0;0;0;0;0;0;0;0;0;0;0;0;0;0;0;0;0;0;0;0;0;0;0;0;1;1;1;1;1;1;1;1;1;1;1;1;1;1;1;1;1;1;1;1;1;1;1;1;1;1;1;1;1;1;1
1054002;1;01/06/2019;1;0;0;1;0;1;1;1;;0;0;0;0;0;0;0;0;0;0;0;0;0;0;0;0;0;0;0;0;0;0;0;0;0;0;0;0;0;0;0;;1;1;1;1;1;1;1;1;1;1;1;1;1;1;1;1;1;1;1;1;1;1;1;1;1;1;1;1;1;1;0
1054002;1;01/05/2019;1;8,2;17,9;7;3;1;1;1;;0;0;0;0;3,6;0;0;8,2;0;0;0;0;0;0;0;0;6,1;0;0;0;0;0;0;0;0;0;0;0;0;0;0;0;1;1;1;1;1;1;1;1;1;1;1;1;1;1;1;1;1;1;1;1;1;1;1;1;1;1;1;1;1;1;1
1054002;1;01/04/2019;1;23,7;129,6;25;14;1;1;1;;0;0;6,2;0;10,1;5,7;0,3;7,6;21,6;2,9;0;14,1;1,6;0;0;0;15,9;0;0;12,3;0;0;0;0;0;23,7;0;0;0;7,1;0,5;;1;1;1;1;1;1;1;1;1;1;1;1;1;1;1;1;1;1;1;1;1;1;1;1;1;1;1;1;1;1;0
1054002;1;01/03/2019;1;68,6;371,2;4;25;1;1;1;;0;3,7;6,4;20,9;68,6;2,1;21,2;0,3;4,1;2,6;6,9;9,4;1,1;0,7;3,2;0;0;0;9,9;10,3;8,7;0;0;10,9;0,7;55,3;3,4;0;55,5;17,5;7,7;40,1;1;1;1;1;1;1;1;1;1;1;1;1;1;1;1;1;1;1;1;1;1;1;1;1;1;1;1;1;1;1;1
1054002;1;01/02/2019;1;50,1;319,6;25;17;3;3;3;;0;17,1;1;0;0;0;0;12,1;26,9;33,3;3,4;0;11,7;0;0;26,8;0;0;18,6;0;3,1;11,7;0;26,9;38,6;50,1;21,7;8,9;7,7;;;;1;1;1;1;1;1;1;1;1;1;1;3;1;1;1;1;1;1;1;1;3;1;1;1;1;1;1;1;0;0;0
1054002;1;01/01/2019;1;38,4;130,1;21;7;1;1;1;;0;26,1;3,9;0;0;0;0;0;0;0;3,6;0;0;0;0;36,9;8,5;0;0;0;0;38,4;0;0;0;0;0;12,7;0;0;0;0;1;1;1;1;1;1;1;1;1;1;1;1;1;1;1;1;1;1;1;1;1;1;1;1;1;1;1;1;1;1;1
1054002;1;01/12/2018;1;37,7;173,6;11;14;1;1;1;;0;10,1;0;0;13,6;0;7,6;0;0;0;0;37,7;0;0;18,6;0;1,9;0;12,5;3,6;0;23,7;0;0;0;0;16,3;14,7;0;0,9;9,6;2,8;1;1;1;1;1;1;1;1;1;1;1;1;1;1;1;1;1;1;1;1;1;1;1;1;1;1;1;1;1;1;1
1054002;1;01/11/2018;1;70,6;286,9;7;12;1;1;1;;0;0;0;30;15,9;0;0;70,6;0;0;6,5;26,8;0;0;39,4;0;60,7;0;3,2;0;0;0;6;0;13,4;0;5,3;0;0;9,1;0;;1;1;1;1;1;1;1;1;1;1;1;1;1;1;1;1;1;1;1;1;1;1;1;1;1;1;1;1;1;1;0
1054002;1;01/10/2018;1;43,5;249;1;16;1;1;1;;0;43,5;4,1;0;5,1;0;0;19,9;0;20,5;4;22,4;3,1;7,2;9,4;0;17,8;0;26,7;0;1,7;10,5;0;0;0;30,9;0;0;0;22,2;0;0;1;1;1;1;1;1;1;1;1;1;1;1;1;1;1;1;1;1;1;1;1;1;1;1;1;1;1;1;1;1;1
1054002;1;01/09/2018;1;16,1;33;17;6;1;1;1;;0;0;0;0;0;0;0;0;1;0;0;0;0;0;0;0;3,2;16,1;0;0;0;0;0;2,7;3,3;0;6,7;0;0;0;0;;1;1;1;1;1;1;1;1;1;1;1;1;1;1;1;1;1;1;1;1;1;1;1;1;1;1;1;1;1;1;0
1054002;1;01/08/2018;1;10;18;10;4;1;1;1;;0;0;0;0;0;0;0;0;0;0;10;0;0;0;0;0;6,3;1,4;0;0;0,3;0;0;0;0;0;0;0;0;0;0;0;1;1;1;1;1;1;1;1;1;1;1;1;1;1;1;1;1;1;1;1;1;1;1;1;1;1;1;1;1;1;1
1054002;1;01/07/2018;1;0;0;1;0;1;1;1;;0;0;0;0;0;0;0;0;0;0;0;0;0;0;0;0;0;0;0;0;0;0;0;0;0;0;0;0;0;0;0;0;1;1;1;1;1;1;1;1;1;1;1;1;1;1;1;1;1;1;1;1;1;1;1;1;1;1;1;1;1;1;1
1054002;1;01/06/2018;1;0;0;1;0;1;1;1;;0;0;0;0;0;0;0;0;0;0;0;0;0;0;0;0;0;0;0;0;0;0;0;0;0;0;0;0;0;0;0;;1;1;1;1;1;1;1;1;1;1;1;1;1;1;1;1;1;1;1;1;1;1;1;1;1;1;1;1;1;1;0
1054002;1;01/05/2018;1;31,6;31,6;9;1;1;1;1;;0;0;0;0;0;0;0;0;0;31,6;0;0;0;0;0;0;0;0;0;0;0;0;0;0;0;0;0;0;0;0;0;0;1;1;1;1;1;1;1;1;1;1;1;1;1;1;1;1;1;1;1;1;1;1;1;1;1;1;1;1;1;1;1
1054002;1;01/04/2018;1;97,7;317;17;13;1;1;1;;0;18,9;21,7;0;38,8;0;0;11,7;0;6,9;49,1;10,9;41,2;0;2,9;0,9;5,1;97,7;0;0;0;0;0;0;0;0;11,2;0;0;0;0;;1;1;1;1;1;1;1;1;1;1;1;1;1;1;1;1;1;1;1;1;1;1;1;1;1;1;1;1;1;1;0
1054002;1;01/03/2018;1;59,3;204,9;15;12;1;1;1;;0;0;0;0;0;0,7;8,6;47,9;0;0;7,6;5,9;12,1;0;21,4;59,3;0;0;0;2,6;0;0;0;0;23,9;0;3,8;0;0;11,1;0;0;1;1;1;1;1;1;1;1;1;1;1;1;1;1;1;1;1;1;1;1;1;1;1;1;1;1;1;1;1;1;1
1054002;1;01/02/2018;1;104,6;476,9;21;18;1;1;1;;0;12,6;0;0;53,3;46,1;44,3;6,9;3,2;5,6;30,9;42,7;29,8;0,9;0;0;0;6,1;0;0;0;104,6;9,3;0;0;12,6;3,1;51,6;13,3;;;;1;1;1;1;1;1;1;1;1;1;1;1;1;1;1;1;1;1;1;1;1;1;1;1;1;1;1;1;0;0;0
1054002;1;01/01/2018;1;60,4;353,4;19;21;1;1;1;;0;0;0;21,7;22,3;0;0;0,9;23,8;8,3;3,1;0;0;18,7;12,9;14,5;21,3;40,2;0;60,4;16,9;7,6;6,1;5,9;0;23,9;0;7,3;0;18,9;5,1;13,6;1;1;1;1;1;1;1;1;1;1;1;1;1;1;1;1;1;1;1;1;1;1;1;1;1;1;1;1;1;1;1
1054002;1;01/12/2017;1;80,9;439,9;9;22;1;1;1;;0;0;18,6;40,5;8,8;21,2;3,2;0;0;80,9;0;3,1;54,9;26,5;22,2;2,4;3,8;16,7;8,2;21,6;0;0;0;33,5;22,9;0;0;13,4;8,6;18,9;5,1;4,9;1;1;1;1;1;1;1;1;1;1;1;1;1;1;1;1;1;1;1;1;1;1;1;1;1;1;1;1;1;1;1
1054002;1;01/11/2017;1;105,7;475,3;19;19;3;3;3;;0;15,5;12,7;0,8;0;3,6;18,1;0;21,6;0;52,5;0;0;62,5;0;0;32,5;0;2,7;105,7;30,8;17,2;45,1;0;8,6;19,7;0;0;13,5;2,3;9,9;;1;1;1;1;1;1;1;1;1;1;1;1;1;1;1;1;1;1;3;1;1;1;1;1;1;1;1;1;1;1;0
1054002;1;01/10/2017;1;17,5;85,7;31;9;1;1;1;;0;0;0;1,1;0;0;0;0;14,1;0;0;0;0;0;0;0;0;15,8;0;0;0;0;0;12,4;0;4,3;0;5,5;10,5;4,5;0;17,5;1;1;1;1;1;1;1;1;1;1;1;1;1;1;1;1;1;1;1;1;1;1;1;1;1;1;1;1;1;1;1
1054002;1;01/09/2017;1;38,3;38,3;28;1;1;1;1;;0;0;0;0;0;0;0;0;0;0;0;0;0;0;0;0;0;0;0;0;0;0;0;0;0;0;0;0;38,3;0;0;;1;1;1;1;1;1;1;1;1;1;1;1;1;1;1;1;1;1;1;1;1;1;1;1;1;1;1;1;1;1;0
1054002;1;01/08/2017;1;0;0;1;0;1;1;1;;0;0;0;0;0;0;0;0;0;0;0;0;0;0;0;0;0;0;0;0;0;0;0;0;0;0;0;0;0;0;0;0;1;1;1;1;1;1;1;1;1;1;1;1;1;1;1;1;1;1;1;1;1;1;1;1;1;1;1;1;1;1;1
1054002;1;01/07/2017;1;0;0;1;0;1;1;1;;0;0;0;0;0;0;0;0;0;0;0;0;0;0;0;0;0;0;0;0;0;0;0;0;0;0;0;0;0;0;0;0;1;1;1;1;1;1;1;1;1;1;1;1;1;1;1;1;1;1;1;1;1;1;1;1;1;1;1;1;1;1;1
1054002;1;01/06/2017;1;0;0;1;0;1;1;1;;0;0;0;0;0;0;0;0;0;0;0;0;0;0;0;0;0;0;0;0;0;0;0;0;0;0;0;0;0;0;0;;1;1;1;1;1;1;1;1;1;1;1;1;1;1;1;1;1;1;1;1;1;1;1;1;1;1;1;1;1;1;0
1054002;1;01/05/2017;1;7,6;22;29;4;1;1;1;;0;0;0;0;0;0;0;0;0;0;0;0;6,6;0;0;2,3;0;0;0;0;0;0;0;0;0;0;5,5;0;0;7,6;0;0;1;1;1;1;1;1;1;1;1;1;1;1;1;1;1;1;1;1;1;1;1;1;1;1;1;1;1;1;1;1;1
1054002;1;01/04/2017;1;36,8;164,7;4;12;1;1;1;;0;0;0;0;36,8;3,6;9,9;13,6;0;0;0;0;9,4;0;0;0;0;26,6;0;2,3;6,6;0;19;0;0,3;0;6;30,6;0;0;0;;1;1;1;1;1;1;1;1;1;1;1;1;1;1;1;1;1;1;1;1;1;1;1;1;1;1;1;1;1;1;0
1054002;1;01/03/2017;1;56,6;269,1;18;14;1;1;1;;0;0;0;0;11,7;0;0;7,6;0;32,6;0;0;0;0;0;3,3;6,6;0;56,6;0;36,6;3,9;0,5;0;0;0;46,6;26,7;4,8;2,2;29,4;0;1;1;1;1;1;1;1;1;1;1;1;1;1;1;1;1;1;1;1;1;1;1;1;1;1;1;1;1;1;1;1
1054002;1;01/02/2017;1;77,1;401,1;12;22;1;1;1;;0;13,6;18,6;22,9;0;0;0;26,1;0;63,1;4,2;15,4;77,1;1,7;33,9;13,3;16,9;0;9,3;0;0,5;11,6;9,7;32,6;0,4;12,8;8,9;0,7;7,8;;;;1;1;1;1;1;1;1;1;1;1;1;1;1;1;1;1;1;1;1;1;1;1;1;1;1;1;1;1;0;0;0
1054002;1;01/01/2017;1;76,4;361,5;18;18;1;1;1;;0;0;0;42,3;0;0;0;6,1;0;0;18,9;3,7;5,3;0;0;4,8;0;12,1;76,4;17,9;0;20,9;12,7;6,8;30,2;18,8;26,9;0;9,3;22,5;25,9;0;1;1;1;1;1;1;1;1;1;1;1;1;1;1;1;1;1;1;1;1;1;1;1;1;1;1;1;1;1;1;1
1054002;1;01/12/2016;1;132,6;490,8;23;21;1;1;1;;0;9,5;0;18,6;6,1;9,8;0;0;9,9;22,9;18,1;36,9;13,1;18,7;16,5;28,3;43,9;7,9;1,2;13,6;63,5;4,8;0;132,6;0;0;7,7;0;0;7,2;0;0;1;1;1;1;1;1;1;1;1;1;1;1;1;1;1;1;1;1;1;1;1;1;1;1;1;1;1;1;1;1;1
1054002;1;01/11/2016;1;87,1;283;12;16;1;1;1;;0;9,8;0;0;0;1,7;1,8;0;7,8;0,3;13,8;9,1;87,1;5,8;0;0;0;0;43,2;26,3;8,3;3,7;17,3;0;0;0;26;21;0;0;0;;1;1;1;1;1;1;1;1;1;1;1;1;1;1;1;1;1;1;1;1;1;1;1;1;1;1;1;1;1;1;0
1054002;1;01/10/2016;1;28,8;88,2;10;7;1;1;1;;0;0;10,1;0;0;0;0;0;0;0;28,8;0;0;0;0;0;0;0;0;0;0;16,8;0;0;13,2;10,2;0;8,9;0;0;0;0,2;1;1;1;1;1;1;1;1;1;1;1;1;1;1;1;1;1;1;1;1;1;1;1;1;1;1;1;1;1;1;1
1054002;1;01/09/2016;1;34,5;89,7;23;6;1;1;1;;0;0;0;0;0;0;0;0;0;0;0;0;0;0;11,3;0;1,5;0;8,5;0;0;18,5;0;34,5;0;0;15,4;0;0;0;0;;1;1;1;1;1;1;1;1;1;1;1;1;1;1;1;1;1;1;1;1;1;1;1;1;1;1;1;1;1;1;0
1054002;1;01/08/2016;1;1,4;1,4;24;1;1;1;1;;0;0;0;0;0;0;0;0;0;0;0;0;0;0;0;0;0;0;0;0;0;0;0;0;1,4;0;0;0;0;0;0;0;1;1;1;1;1;1;1;1;1;1;1;1;1;1;1;1;1;1;1;1;1;1;1;1;1;1;1;1;1;1;1
1054002;1;01/07/2016;1;0;0;1;0;1;1;1;;0;0;0;0;0;0;0;0;0;0;0;0;0;0;0;0;0;0;0;0;0;0;0;0;0;0;0;0;0;0;0;0;1;1;1;1;1;1;1;1;1;1;1;1;1;1;1;1;1;1;1;1;1;1;1;1;1;1;1;1;1;1;1
1054002;1;01/06/2016;1;2,6;4,9;11;3;1;1;1;;0;0;0;0;0;0;0;0;1,5;0;0;2,6;0,8;0;0;0;0;0;0;0;0;0;0;0;0;0;0;0;0;0;0;;1;1;1;1;1;1;1;1;1;1;1;1;1;1;1;1;1;1;1;1;1;1;1;1;1;1;1;1;1;1;0
1054002;1;01/05/2016;1;1,6;1,6;30;1;1;1;1;;0;0;0;0;0;0;0;0;0;0;0;0;0;0;0;0;0;0;0;0;0;0;0;0;0;0;0;0;0;0;1,6;0;1;1;1;1;1;1;1;1;1;1;1;1;1;1;1;1;1;1;1;1;1;1;1;1;1;1;1;1;1;1;1
1054002;1;01/04/2016;1;62,9;122;11;8;1;1;1;;0;0;14,8;0;4,7;6,9;1,5;0;0,3;0;18,4;62,9;0;0;0;0;0;0;0;0;0;0;0;0;0;0;0;12,5;0;0;0;;1;1;1;1;1;1;1;1;1;1;1;1;1;1;1;1;1;1;1;1;1;1;1;1;1;1;1;1;1;1;0
1054002;1;01/03/2016;1;48,9;306,3;9;17;1;1;1;;0;0;0;39,7;0;0;31,6;13,4;6,1;48,9;37,3;10,7;11,4;9,7;8,1;0;19,7;0;0;0;14,4;11,3;0;0;0;5,7;22,7;0;11,6;0;4;0;1;1;1;1;1;1;1;1;1;1;1;1;1;1;1;1;1;1;1;1;1;1;1;1;1;1;1;1;1;1;1
1054002;1;01/02/2016;1;47,8;114,5;27;8;1;1;1;;0;33,1;1,3;0;0;0;0;0;0;0;0;0;0;0;0;8,3;0;0;0;0;0;0,7;6,8;0;3,9;0;12,6;47,8;0;0;;;1;1;1;1;1;1;1;1;1;1;1;1;1;1;1;1;1;1;1;1;1;1;1;1;1;1;1;1;1;0;0
1054002;1;01/01/2016;1;68,6;566,1;30;21;1;1;1;;0;28,6;0;9,9;23,1;1,1;0;3,8;0;12,3;16,9;0;66,3;38,4;0;30,7;48,6;17,2;18,5;0;0;3,9;31,5;20,1;19,6;0;10,9;64,8;0;31,3;68,6;0;1;1;1;1;1;1;1;1;1;1;1;1;1;1;1;1;1;1;1;1;1;1;1;1;1;1;1;1;1;1;1
1054002;1;01/12/2015;1;36,1;156,4;5;10;1;1;1;;0;0;0;6,1;12,4;36,1;18,9;0;0;15,5;0;0;0;0;0;0;30,8;2,6;0;0;0;0;12,7;14,4;0;0;0;0;6,9;0;0;0;1;1;1;1;1;1;1;1;1;1;1;1;1;1;1;1;1;1;1;1;1;1;1;1;1;1;1;1;1;1;1
1054002;1;01/11/2015;1;22,6;95,1;25;10;1;1;1;;0;0;0;18,9;0;1,3;0;0;0;3,5;0;0;0;0;0;0;0;11,7;1,9;0;0;0;12,8;8,9;0;22,6;9,9;0;0;0;3,6;;1;1;1;1;1;1;1;1;1;1;1;1;1;1;1;1;1;1;1;1;1;1;1;1;1;1;1;1;1;1;0
1054002;1;01/10/2015;1;24,4;108,4;24;8;1;1;1;;0;0;0;0;0;0;0;0;0;0;0;13,8;8,5;11,6;0;0;0;0;0;0;21,7;0;0;0;24,4;0;0;0;12,8;6,5;9,1;0;1;1;1;1;1;1;1;1;1;1;1;1;1;1;1;1;1;1;1;1;1;1;1;1;1;1;1;1;1;1;1
1054002;1;01/09/2015;1;25,6;31,9;14;4;1;1;1;;0;0;0;0;0;0;0;0;0;0;0;0;0;3,2;25,6;2,3;0;0;0;0;0;0;0;0;0;0;0,8;0;0;0;0;;1;1;1;1;1;1;1;1;1;1;1;1;1;1;1;1;1;1;1;1;1;1;1;1;1;1;1;1;1;1;0
1054002;1;01/08/2015;1;0;0;1;0;1;1;1;;0;0;0;0;0;0;0;0;0;0;0;0;0;0;0;0;0;0;0;0;0;0;0;0;0;0;0;0;0;0;0;0;1;1;1;1;1;1;1;1;1;1;1;1;1;1;1;1;1;1;1;1;1;1;1;1;1;1;1;1;1;1;1
1054002;1;01/07/2015;1;12,2;16;7;2;1;1;1;;0;0;0;0;0;0;0;12,2;3,8;0;0;0;0;0;0;0;0;0;0;0;0;0;0;0;0;0;0;0;0;0;0;0;1;1;1;1;1;1;1;1;1;1;1;1;1;1;1;1;1;1;1;1;1;1;1;1;1;1;1;1;1;1;1
1054002;1;01/06/2015;1;0;0;1;0;1;1;1;;0;0;0;0;0;0;0;0;0;0;0;0;0;0;0;0;0;0;0;0;0;0;0;0;0;0;0;0;0;0;0;;1;1;1;1;1;1;1;1;1;1;1;1;1;1;1;1;1;1;1;1;1;1;1;1;1;1;1;1;1;1;0
1054002;1;01/05/2015;1;19,9;67,4;9;11;1;1;1;;0;9,4;6,6;0,6;0;0;1,9;10,8;0;19,9;3,8;0;2,1;0;7,1;3,9;1,3;0;0;0;0;0;0;0;0;0;0;0;0;0;0;0;1;1;1;1;1;1;1;1;1;1;1;1;1;1;1;1;1;1;1;1;1;1;1;1;1;1;1;1;1;1;1
1054002;1;01/04/2015;1;68,6;211,1;16;16;1;1;1;;0;4,1;0;13,3;0;0;9,9;0;44,6;0;1,6;0;11,6;0;3,6;7,5;68,6;11,7;0;0;8,6;0,4;0;2,6;1,4;3,9;0;0;0;0;17,7;;1;1;1;1;1;1;1;1;1;1;1;1;1;1;1;1;1;1;1;1;1;1;1;1;1;1;1;1;1;1;
1054002;1;01/03/2015;1;58,8;260,6;19;17;1;1;1;;0;0;0;0;23,3;1,3;2,6;1,8;0;14,7;0,8;14,6;31,5;42,6;13,1;0;0;0;0;58,8;2,3;16,5;13,3;9,6;0;9,9;0;3,9;0;0;0;0;1;1;1;1;1;1;1;1;1;1;1;1;1;1;1;1;1;1;1;1;1;1;1;1;1;1;1;1;1;1;1
1054002;1;01/02/2015;1;46,6;278,2;26;16;1;1;1;;0;0;0;0;0;0;3,3;12,1;29,3;6,4;11,1;17,8;0;13,3;12,8;0;0;43,3;3,6;15,3;23,4;19,8;9,8;0;0;0;46,6;10,3;0;;;;1;1;1;1;1;1;1;1;1;1;1;1;1;1;1;1;1;1;1;1;1;1;1;1;1;1;1;1;0;0;0
1054002;1;01/01/2015;1;30,7;218,6;25;16;1;1;1;;0;15,5;0;0;0;0;0;0;0;0;2,8;3,1;0;13,4;0;7,5;28,7;0;0;20,9;15,3;25,2;4,9;5,1;21,3;30,7;0;8,5;3,2;12,5;0;0;1;1;1;1;1;1;1;1;1;1;1;1;1;1;1;1;1;1;1;1;1;1;1;1;1;1;1;1;1;1;1
1054002;1;01/12/2014;1;91,3;342,1;25;15;1;1;1;;0;0;13;0;0;0;0;44,3;43,4;0;4,8;2,2;0;31,6;40,4;10,1;0;0;6,8;6,3;20,6;0;0;11,3;8;91,3;0;0;0;8;0;0;1;1;1;1;1;1;1;1;1;1;1;1;1;1;1;1;1;1;1;1;1;1;1;1;1;1;1;1;1;1;1
1054002;1;01/11/2014;1;56,7;271,2;9;13;1;1;1;;0;0;0;0;0;0;0;25,5;0;56,7;0;0;0;0;15,4;29,6;0;0;9,5;11,2;0;0;22,4;26,3;17,2;0;4,9;25,7;8,2;18,6;0;;1;1;1;1;1;1;1;1;1;1;1;1;1;1;1;1;1;1;1;1;1;1;1;1;1;1;1;1;1;1;0
1054002;1;01/10/2014;1;26,6;41,3;25;5;1;1;1;;0;0;0;3,1;0;10,2;0;0;0;0;0;0;0;0;0,8;0;0;0;0;0,6;0;0;0;0;0;26,6;0;0;0;0;0;0;1;1;1;1;1;1;1;1;1;1;1;1;1;1;1;1;1;1;1;1;1;1;1;1;1;1;1;1;1;1;1
1054002;1;01/09/2014;1;32,6;84,3;5;5;3;3;3;;0;0;0;0;0;32,6;0;0;0;0;0;0;0;0;0;0;0;0;0;0;3,1;0;0;0;8,1;0;0;30,2;0;10,3;0;;1;1;1;1;3;1;1;1;1;1;1;1;1;1;1;1;1;1;1;1;1;1;1;1;1;1;3;1;1;1;0
1054002;1;01/08/2014;1;0;0;1;0;1;1;1;;0;0;0;0;0;0;0;0;0;0;0;0;0;0;0;0;0;0;0;0;0;0;0;0;0;0;0;0;0;0;0;0;1;1;1;1;1;1;1;1;1;1;1;1;1;1;1;1;1;1;1;1;1;1;1;1;1;1;1;1;1;1;1
1054002;1;01/07/2014;1;0;0;1;0;1;1;1;;0;0;0;0;0;0;0;0;0;0;0;0;0;0;0;0;0;0;0;0;0;0;0;0;0;0;0;0;0;0;0;0;1;1;1;1;1;1;1;1;1;1;1;1;1;1;1;1;1;1;1;1;1;1;1;1;1;1;1;1;1;1;1
1054002;1;01/06/2014;1;0;0;1;0;1;1;1;;0;0;0;0;0;0;0;0;0;0;0;0;0;0;0;0;0;0;0;0;0;0;0;0;0;0;0;0;0;0;0;;1;1;1;1;1;1;1;1;1;1;1;1;1;1;1;1;1;1;1;1;1;1;1;1;1;1;1;1;1;1;0
1054002;1;01/05/2014;1;56,5;70,8;27;4;1;1;1;;0;0;0;0;0;0;0;0;0;0;0;0;0;3,6;4;0;0;0;0;0;0;0;0;0;6,7;0;0;56,5;0;0;0;0;1;1;1;1;1;1;1;1;1;1;1;1;1;1;1;1;1;1;1;1;1;1;1;1;1;1;1;1;1;1;1
1054002;1;01/04/2014;1;25,8;146,1;29;19;1;1;1;;0;3,6;3,2;12,7;0;2,9;1,9;13,8;7,1;1,7;0;19,8;0;0;7,1;0;0,3;0;11,2;0;0,3;0;4,3;5,3;0;6,7;0;9,5;8,9;25,8;0;;1;1;1;1;1;1;1;1;1;1;1;1;1;1;1;1;1;1;1;1;1;1;1;1;1;1;1;1;1;1;0
1054002;1;01/03/2014;1;43,2;263,7;2;22;1;1;1;;0;4,3;43,2;5,3;8,4;12,3;8,2;7,4;14,3;3,1;0;6,1;3,2;5,9;0,3;0;9,6;0;0;0;0;14,7;9,9;32,4;41,2;0,7;0,1;0;0;32,7;0,4;0;1;1;1;1;1;1;1;1;1;1;1;1;1;1;1;1;1;1;1;1;1;1;1;1;1;1;1;1;1;1;1
1054002;1;01/02/2014;1;58,6;298,9;5;20;1;1;1;;0;4,9;0;8,2;13,6;58,6;0;0,6;0;30,1;0;12,1;22,3;0;4,1;21,9;46,3;4,2;9,6;5,6;9,7;1,3;38,5;1,4;5,2;0;0;0;0,7;;;;1;1;1;1;1;1;1;1;1;1;1;1;1;1;1;1;1;1;1;1;1;1;1;1;1;1;1;1;0;0;0
1054002;1;01/01/2014;1;57,6;290;27;21;1;1;1;;0;0;0;0;10,8;0;9,1;27,3;9,2;0;31,1;19,3;18,5;0;0,5;9,1;0;5,9;6,3;22,3;18,1;0,7;0;0;2,1;13,5;8;57,6;12,3;8,1;0,2;0;1;1;1;1;1;1;1;1;1;1;1;1;1;1;1;1;1;1;1;1;1;1;1;1;1;1;1;1;1;1;1
1054002;1;01/12/2013;1;36,9;267,1;22;24;1;1;1;;0;18,6;0;17,9;5,9;0;1,1;2,3;3,2;4,1;0;0;1,8;0;0,3;1,5;1,3;0,6;10,6;15,9;13,1;18,7;36,9;18,1;16,7;32,4;11,2;0;18,6;6,2;10,1;0;1;1;1;1;1;1;1;1;1;1;1;1;1;1;1;1;1;1;1;1;1;1;1;1;1;1;1;1;1;1;1
1054002;1;01/11/2013;1;153,3;494;25;22;1;1;1;;0;5,3;0,6;3,8;6,3;0;83,3;0;0,2;0;0;40,7;0,5;46,8;6,4;15,6;41,4;2,1;0;0;0;0,8;2,8;0;2;153,3;42,8;6,1;10,5;4,1;18,6;;1;1;1;1;1;1;1;1;1;1;1;1;1;1;1;1;1;1;1;1;1;1;1;1;1;1;1;1;1;1;0
1054002;1;01/10/2013;1;29,9;135,7;18;12;1;1;1;;0;0;0;0;0;0;0;0;0;0;0;2,3;0;11,5;16,3;0;0,8;19,6;29,9;21,5;0;5,1;0;0;8,1;0;0;0;0;0,7;8,6;11,3;1;1;1;1;1;1;1;1;1;1;1;1;1;1;1;1;1;1;1;1;1;1;1;1;1;1;1;1;1;1;1
1054002;1;01/09/2013;1;48,9;151,7;7;7;1;1;1;;0;0;0;0;0;0;7;48,9;0;5,6;0;5,9;0;0;48,3;0;0;0;0;0;0;0;0;0;33,2;0;0;0;0;2,8;0;;1;1;1;1;1;1;1;1;1;1;1;1;1;1;1;1;1;1;1;1;1;1;1;1;1;1;1;1;1;1;0
1054002;1;01/08/2013;1;0;0;1;0;1;1;1;;0;0;0;0;0;0;0;0;0;0;0;0;0;0;0;0;0;0;0;0;0;0;0;0;0;0;0;0;0;0;0;0;1;1;1;1;1;1;1;1;1;1;1;1;1;1;1;1;1;1;1;1;1;1;1;1;1;1;1;1;1;1;1
1054002;1;01/07/2013;1;0;0;1;0;1;1;1;;0;0;0;0;0;0;0;0;0;0;0;0;0;0;0;0;0;0;0;0;0;0;0;0;0;0;0;0;0;0;0;0;1;1;1;1;1;1;1;1;1;1;1;1;1;1;1;1;1;1;1;1;1;1;1;1;1;1;1;1;1;1;1
1054002;1;01/06/2013;1;0;0;1;0;1;1;1;;0;0;0;0;0;0;0;0;0;0;0;0;0;0;0;0;0;0;0;0;0;0;0;0;0;0;0;0;0;0;0;;1;1;1;1;1;1;1;1;1;1;1;1;1;1;1;1;1;1;1;1;1;1;1;1;1;1;1;1;1;1;0
1054002;1;01/05/2013;1;10,3;22,7;12;4;1;1;1;;0;6,9;0;0;0,9;0;0;0;0;0;4,6;0;10,3;0;0;0;0;0;0;0;0;0;0;0;0;0;0;0;0;0;0;0;1;1;1;1;1;1;1;1;1;1;1;1;1;1;1;1;1;1;1;1;1;1;1;1;1;1;1;1;1;1;1
1054002;1;01/04/2013;1;76,2;314,3;25;18;1;1;1;;0;14,5;8,6;0;0;0,5;12,9;8,5;14,6;25,1;0;0,9;0;0;0;0;27,8;0;8,3;17,2;0;45,2;41,9;0,3;0,6;76,2;4,6;0;6,6;0;0;;1;1;1;1;1;1;1;1;1;1;1;1;1;1;1;1;1;1;1;1;1;1;1;1;1;1;1;1;1;1;0
1054002;1;01/03/2013;1;136,5;457,9;24;21;3;3;3;;0;22,8;23,1;59,8;0;1,9;0;0;3,3;0;5;0;0;27,6;0;0;28,3;0;32,5;27,4;4,3;9,8;2,3;0,6;136,5;10,4;1,4;4,9;7,6;46,6;1,8;0;1;1;1;1;1;1;1;1;1;1;1;1;1;1;1;1;1;1;1;1;1;1;1;3;1;1;1;1;1;1;1
1054002;1;01/02/2013;1;68,2;372,3;7;19;1;1;1;;0;0;0;7,2;30,6;6,2;13,5;68,2;13,6;22,6;36,9;32,5;8,8;1,1;4,1;0;3,2;21,1;0;18,1;0;0;0;36,5;8,2;0;0;22,6;17,3;;;;1;1;1;1;1;1;1;1;1;1;1;1;1;1;1;1;1;1;1;1;1;1;1;1;1;1;1;1;0;0;0
1054002;1;01/01/2013;1;86,5;490,7;9;21;1;1;1;;0;40,7;0;0;0;0;16,2;30,7;15,9;86,5;9,6;15,3;22,6;3,3;5,8;11,3;6,1;36,6;3,2;1,3;0;46,3;49,2;0;5,5;4,5;0;45;0;0;0;35,1;1;1;1;1;1;1;1;1;1;1;1;1;1;1;1;1;1;1;1;1;1;1;1;1;1;1;1;1;1;1;1
1054002;1;01/12/2012;1;64,3;172,4;6;13;1;1;1;;0;0;0;14,5;6,4;0;64,3;1,1;0;0;12,6;4,5;0;12,8;0;0;0;0,8;0;12,3;0;13,6;0;3;0;0;0;0;8,6;0;0;17,9;1;1;1;1;1;1;1;1;1;1;1;1;1;1;1;1;1;1;1;1;1;1;1;1;1;1;1;1;1;1;1
1054002;1;01/11/2012;1;34,2;222,5;6;12;1;1;1;;0;0;0;0;0;0;34,2;14,4;0;0;16,6;18,8;0;16,7;0;22,8;33,4;1,2;0;0;0;0;13,3;0;20,7;0;0;0;22,5;0;7,9;;1;1;1;1;1;1;1;1;1;1;1;1;1;1;1;1;1;1;1;1;1;1;1;1;1;1;1;1;1;1;0
1054002;1;01/10/2012;1;36,4;144,2;18;13;1;1;1;;0;15,5;0;10,3;0;0,2;10,5;0;0;0;10,2;0;16,4;0;2,1;32,6;0;0;36,4;0;0;0;0;0;0;6,1;3,2;0;0;0,5;0,2;0;1;1;1;1;1;1;1;1;1;1;1;1;1;1;1;1;1;1;1;1;1;1;1;1;1;1;1;1;1;1;1
1054002;1;01/09/2012;1;54,6;102,8;20;8;1;1;1;;0;0;27,8;0;0;0;0;0;0;0;0;0;0;2,7;0;0;0;0;0;0;54,6;0;2;0,9;0;0;10,2;0;3,9;0;0,7;;1;1;1;1;1;1;1;1;1;1;1;1;1;1;1;1;1;1;1;1;1;1;1;1;1;1;1;1;1;1;0
1054002;1;01/08/2012;1;0;0;1;0;1;1;1;;0;0;0;0;0;0;0;0;0;0;0;0;0;0;0;0;0;0;0;0;0;0;0;0;0;0;0;0;0;0;0;0;1;1;1;1;1;1;1;1;1;1;1;1;1;1;1;1;1;1;1;1;1;1;1;1;1;1;1;1;1;1;1
1054002;1;01/07/2012;1;1,1;1,1;17;1;1;1;1;;0;0;0;0;0;0;0;0;0;0;0;0;0;0;0;0;0;1,1;0;0;0;0;0;0;0;0;0;0;0;0;0;0;1;1;1;1;1;1;1;1;1;1;1;1;1;1;1;1;1;1;1;1;1;1;1;1;1;1;1;1;1;1;1
1054002;1;01/06/2012;1;5,8;8,6;23;2;1;1;1;;0;0;0;0;0;0;0;0;0;0;0;0;0;0;0;0;0;0;0;2,8;0;0;0;5,8;0;0;0;0;0;0;0;;1;1;1;1;1;1;1;1;1;1;1;1;1;1;1;1;1;1;1;1;1;1;1;1;1;1;1;1;1;1;0
1054002;1;01/05/2012;1;28,3;43,2;28;4;1;1;1;;0;0;0;0;0;0;0;0;10,9;0;0;0;0;0;0;0;0;0;0;0;1,3;0;2,7;0;0;0;0;0;28,3;0;0;0;1;1;1;1;1;1;1;1;1;1;1;1;1;1;1;1;1;1;1;1;1;1;1;1;1;1;1;1;1;1;1
1054002;1;01/04/2012;1;43,9;121,4;8;9;1;1;1;;0;2,1;19,8;0;12,3;4,1;0;4,3;43,9;0;0;0;0;0;0;0;22,8;0;0;0;0;7,1;0;5;0;0;0;0;0;0;0;;1;1;1;1;1;1;1;1;1;1;1;1;1;1;1;1;1;1;1;1;1;1;1;1;1;1;1;1;1;1;0
1054002;1;01/03/2012;1;56,6;404,5;7;19;1;1;1;;0;12,1;1,3;5,3;0;12,9;43,1;56,6;47,8;0;4,8;25,5;0;23,5;41;0;0,7;12,3;0;47,6;21,2;0;0;13,7;7,7;0;7,6;0;0;0;0;19,8;1;1;1;1;1;1;1;1;1;1;1;1;1;1;1;1;1;1;1;1;1;1;1;1;1;1;1;1;1;1;1
1054002;1;01/02/2012;1;61,5;386,7;26;23;1;1;1;;0;0;4,1;38,7;1,2;19,9;0;0;2,6;5,8;3,2;0;22,3;9,5;32,1;23,7;56,8;0;11,2;13,1;15,9;8,6;2,1;2,7;0;1,3;61,5;7,7;1,1;41,6;;;1;1;1;1;1;1;1;1;1;1;1;1;1;1;1;1;1;1;1;1;1;1;1;1;1;1;1;1;1;0;0
1054002;1;01/01/2012;1;86,9;558,8;23;26;1;1;1;;0;0,6;0,3;73,6;0;4,3;75,6;0;4,2;3,1;29,7;0;8,6;6,2;25,1;0;9,2;35,9;8,9;27,4;22,9;25,2;38,6;86,9;0;17,3;25,7;14,6;4,4;6;2,1;2,4;1;1;1;1;1;1;1;1;1;1;1;1;1;1;1;1;1;1;1;1;1;1;1;1;1;1;1;1;1;1;1
1054002;1;01/12/2011;1;73,6;347,4;19;17;1;1;1;;0;0;0;0;5,8;0;0;0;11;0;8;6,7;0;25,3;0;0;59,9;10,6;12,3;73,6;0;53,3;4,9;25,1;0;22,4;17,5;4,6;2,4;0;4;0;1;1;1;1;1;1;1;1;1;1;1;1;1;1;1;1;1;1;1;1;1;1;1;1;1;1;1;1;1;1;1
1054002;1;01/11/2011;1;82,6;219;7;18;1;1;1;;0;0;8,6;0;0;22,3;12,9;82,6;0;12,5;8,9;0;1,2;2,8;0;0,6;0;0;3,5;8,4;18,2;1,1;5,5;0;21,1;0;1,8;1,3;5,7;0;0;;1;1;1;1;1;1;1;1;1;1;1;1;1;1;1;1;1;1;1;1;1;1;1;1;1;1;1;1;1;1;0
1054002;1;01/10/2011;1;66,5;254,7;14;14;1;1;1;;0;0;6;17,7;0;0;0;0;0;0;0;0;0;30;66,5;3,5;18,8;0;0,3;1,5;0;0;53,5;0;0;0;12,6;15,3;1,3;12,6;15,1;0;1;1;1;1;1;1;1;1;1;1;1;1;1;1;1;1;1;1;1;1;1;1;1;1;1;1;1;1;1;1;1
1054002;1;01/09/2011;1;20,3;33,3;29;3;1;1;1;;0;0;0;0;0;0;0;0;0;0;0;0;0;0;0;0;9,5;0;0;0;0;0;0;0;0;0;0;0;3,5;20,3;0;;1;1;1;1;1;1;1;1;1;1;1;1;1;1;1;1;1;1;1;1;1;1;1;1;1;1;1;1;1;1;0
1054002;1;01/08/2011;1;0;0;1;0;1;1;1;;0;0;0;0;0;0;0;0;0;0;0;0;0;0;0;0;0;0;0;0;0;0;0;0;0;0;0;0;0;0;0;0;1;1;1;1;1;1;1;1;1;1;1;1;1;1;1;1;1;1;1;1;1;1;1;1;1;1;1;1;1;1;1
1054002;1;01/07/2011;1;0;0;1;0;1;1;1;;0;0;0;0;0;0;0;0;0;0;0;0;0;0;0;0;0;0;0;0;0;0;0;0;0;0;0;0;0;0;0;0;1;1;1;1;1;1;1;1;1;1;1;1;1;1;1;1;1;1;1;1;1;1;1;1;1;1;1;1;1;1;1
1054002;1;01/06/2011;1;0;0;1;0;1;1;1;;0;0;0;0;0;0;0;0;0;0;0;0;0;0;0;0;0;0;0;0;0;0;0;0;0;0;0;0;0;0;0;;1;1;1;1;1;1;1;1;1;1;1;1;1;1;1;1;1;1;1;1;1;1;1;1;1;1;1;1;1;1;0
1054002;1;01/05/2011;1;16,6;48,4;21;6;1;1;1;;0;0;0;0;0;0;9,5;2,8;3,5;0;0;0;0;0;0;0;0;0;10,8;5,2;0;16,6;0;0;0;0;0;0;0;0;0;0;1;1;1;1;1;1;1;1;1;1;1;1;1;1;1;1;1;1;1;1;1;1;1;1;1;1;1;1;1;1;1
1054002;1;01/04/2011;1;36,5;117,8;5;8;1;1;1;;0;8,5;0;0;0;36,5;0;0,4;0;5,3;0;0;0;20,3;0;5,5;0;0;0;19,9;0;21,4;0;0;0;0;0;0;0;0;0;;1;1;1;1;1;1;1;1;1;1;1;1;1;1;1;1;1;1;1;1;1;1;1;1;1;1;1;1;1;1;0
1054002;1;01/03/2011;1;44,7;192,4;16;17;1;1;1;;0;5,1;5,3;0;3,4;0;14,7;7,3;2,1;3,5;35,3;1,3;0,5;0;0;0;44,7;0;0;1,5;5,9;0;7,5;0;26,5;0;0;0;0;22,5;5,3;0;1;1;1;1;1;1;1;1;1;1;1;1;1;1;1;1;1;1;1;1;1;1;1;1;1;1;1;1;1;1;1
1054002;1;01/02/2011;1;123,9;477,7;21;22;1;1;1;;0;0;24,2;14,4;0;33,5;23,3;16,5;5,2;18,7;12,5;9,3;27;5,5;2,5;0;5,4;63,5;5,7;6,8;0;123,9;30,8;0;2,1;1,5;0;42,1;3,3;;;;1;1;1;1;1;1;1;1;1;1;1;1;1;1;1;1;1;1;1;1;1;1;1;1;1;1;1;1;0;0;0
1054002;1;01/01/2011;1;177,7;782,7;8;18;3;3;3;;0;20,2;80,2;12,8;39,7;0;0;0;177,7;0;0;0;80,9;91,4;52,8;45,4;41,2;0;6,3;26,3;0;1,6;0;16;3,9;73,5;2,6;10,2;0;0;0;0;1;1;1;1;1;1;1;3;1;1;1;1;1;1;1;1;1;1;1;1;1;1;1;1;1;1;1;1;1;1;1
1054002;1;01/12/2010;1;126,4;624,6;15;16;1;1;1;;0;0,6;74,5;0;0;0;2,6;2,3;0;0;0;18,5;0;0;0;126,4;7,5;125,1;0;19,6;0;54,5;60,9;28,2;0;12,3;8,1;0;0;0;50,9;32,6;1;1;1;1;1;1;1;1;1;1;1;1;1;1;1;1;1;1;1;1;1;1;1;1;1;1;1;1;1;1;1
1054002;1;01/11/2010;1;27,7;124;15;12;1;1;1;;0;0;0;0;12,3;0;3,5;0;6,1;0;11,5;0;3,5;1,4;0;27,7;0;0;0;0;0;0;12,6;0;6,1;0;3,2;0;12,1;24;0;;1;1;1;1;1;1;1;1;1;1;1;1;1;1;1;1;1;1;1;1;1;1;1;1;1;1;1;1;1;1;0
1054002;1;01/10/2010;1;35,9;53,2;23;7;1;1;1;;0;0;3,8;1;0;0;2,2;0;0;0;6,3;0;0;2,7;0;0;0;0;0;0;0;0;0;35,9;0;0;0;0;0;0;0;1,3;1;1;1;1;1;1;1;1;1;1;1;1;1;1;1;1;1;1;1;1;1;1;1;1;1;1;1;1;1;1;1
1054002;1;01/09/2010;1;50,7;50,7;28;1;3;3;3;;0;0;0;0;0;0;0;0;0;0;0;0;0;0;0;0;0;0;0;0;0;0;0;0;0;0;0;0;50,7;0;0;;1;1;1;1;1;1;1;1;1;1;1;1;1;1;1;1;1;1;1;1;1;1;1;1;1;1;1;3;1;1;0
1054002;1;01/08/2010;1;0;0;1;0;1;1;1;;0;0;0;0;0;0;0;0;0;0;0;0;0;0;0;0;0;0;0;0;0;0;0;0;0;0;0;0;0;0;0;0;1;1;1;1;1;1;1;1;1;1;1;1;1;1;1;1;1;1;1;1;1;1;1;1;1;1;1;1;1;1;1
1054002;1;01/07/2010;1;0;0;1;0;1;1;1;;0;0;0;0;0;0;0;0;0;0;0;0;0;0;0;0;0;0;0;0;0;0;0;0;0;0;0;0;0;0;0;0;1;1;1;1;1;1;1;1;1;1;1;1;1;1;1;1;1;1;1;1;1;1;1;1;1;1;1;1;1;1;1
1054002;1;01/06/2010;1;0;0;1;0;1;1;1;;0;0;0;0;0;0;0;0;0;0;0;0;0;0;0;0;0;0;0;0;0;0;0;0;0;0;0;0;0;0;0;;1;1;1;1;1;1;1;1;1;1;1;1;1;1;1;1;1;1;1;1;1;1;1;1;1;1;1;1;1;1;0
1054002;1;01/05/2010;1;0;0;1;0;1;1;1;;0;0;0;0;0;0;0;0;0;0;0;0;0;0;0;0;0;0;0;0;0;0;0;0;0;0;0;0;0;0;0;0;1;1;1;1;1;1;1;1;1;1;1;1;1;1;1;1;1;1;1;1;1;1;1;1;1;1;1;1;1;1;1
1054002;1;01/04/2010;1;31,3;104,2;5;8;1;1;1;;0;13,5;22,3;25,4;2;31,3;0,2;0;0;0;0;0;0;0;0;6,3;0;0;3,2;0;0;0;0;0;0;0;0;0;0;0;0;;1;1;1;1;1;1;1;1;1;1;1;1;1;1;1;1;1;1;1;1;1;1;1;1;1;1;1;1;1;1;0
1054002;1;01/03/2010;1;121,7;344,6;31;12;3;3;3;;0;0;0;0;0;0;10;1;0;10;20;0;0;14,6;0;0;0;5;22;0;0;0;82;0;12,3;0;0;13,7;0;32,3;0;121,7;1;1;1;1;1;1;1;1;1;1;1;1;1;1;1;1;1;1;1;1;1;3;1;1;1;1;1;1;1;1;1
1054002;1;01/02/2010;1;45;186,1;14;14;1;1;1;;0;10;2;4;0;0;2;0;0;0;22;20;0;15;45;0;0;10;0;0;0;0;1;0;30;17;4;0;4,1;;;;1;1;1;1;1;1;1;1;1;1;1;1;1;1;1;1;1;1;1;1;1;1;1;1;1;1;1;1;0;0;0
1054002;1;01/01/2010;1;55;483,8;5;;1;1;0;;0;0;15;0;24;55;6,9;0;0;0;0;11,7;0;0;2;3,4;0;5,3;24,5;30;40;41;37;24,7;0;0;40;0;20;21,9;37,2;44,2;1;1;1;1;1;1;1;1;1;1;1;1;1;1;1;1;1;1;1;1;1;1;1;1;1;1;1;4;1;1;1
1054002;1;01/12/2009;1;110;301,9;20;12;1;1;1;;0;0;0;0;19;12;20;0;0;0;10;0;0;0;0;11,5;8;0;0;0;110;0;0;0;0;0;20;24;17,4;0;15;35;1;1;1;1;1;1;1;1;1;1;1;1;1;1;1;1;1;1;1;1;1;1;1;1;1;1;1;1;1;1;1
1054002;1;01/11/2009;1;37,9;123,6;4;12;1;1;1;;0;19,6;0;0;37,9;0;0;1,2;7;0;0;4,2;0;0;0;0,4;10,7;0;2;10;9;17,9;0;0;0;0;3,7;0;0;0;0;;1;1;1;1;1;1;1;1;1;1;1;1;1;1;1;1;1;1;1;1;1;1;1;1;1;1;1;1;1;1;0
1054002;1;01/10/2009;1;40;89,4;9;5;1;1;1;;0;0;0;0;0;1;0;0;7;40;0;0;0;0;0;0;0;0;0;0;0;0;0;0;0;0;0;0;18,7;22,7;0;0;1;1;1;1;1;1;1;1;1;1;1;1;1;1;1;1;1;1;1;1;1;1;1;1;1;1;1;1;1;1;1
1054002;1;01/09/2009;1;110;179,3;9;12;1;1;1;;0;0;0;2;0;7,5;0;9;0,4;110;0;6,6;3;0;0;0;0;0;0,1;0;0;30;0;0;0;0,1;0;10,5;0;0;0,1;;1;1;1;1;1;1;1;1;1;1;1;1;1;1;1;1;1;1;1;1;1;1;1;1;1;1;1;1;1;1;0
1054002;1;01/08/2009;1;23,5;60,4;24;5;1;1;1;;0;0;0;0;0;0;0;0;0;0;0;0;0;0;0;0;0;0;0;0;0;0;0;0;23,5;2;0;0;22,4;0;7,9;4,6;1;1;1;1;1;1;1;1;1;1;1;1;1;1;1;1;1;1;1;1;1;1;1;1;1;1;1;1;1;1;1
1054002;1;01/07/2009;1;0,6;0,9;27;2;1;1;1;;0;0;0;0;0;0;0;0;0;0;0;0;0;0;0;0;0;0;0;0;0;0;0;0;0;0,3;0;0,6;0;0;0;0;1;1;1;1;1;1;1;1;1;1;1;1;1;1;1;1;1;1;1;1;1;1;1;1;1;1;1;1;1;1;1
1054002;1;01/06/2009;1;0;0;1;0;1;1;1;;0;0;0;0;0;0;0;0;0;0;0;0;0;0;0;0;0;0;0;0;0;0;0;0;0;0;0;0;0;0;0;;1;1;1;1;1;1;1;1;1;1;1;1;1;1;1;1;1;1;1;1;1;1;1;1;1;1;1;1;1;1;0
1054002;1;01/05/2009;1;0;0;1;0;3;3;3;;0;0;0;0;0;0;0;0;0;0;0;0;0;0;0;0;0;0;0;0;0;0;0;0;0;0;0;0;0;0;0;0;3;3;3;3;3;3;3;3;3;3;3;3;3;3;3;3;3;3;3;3;3;3;3;3;3;3;3;3;3;3;3
1054002;1;01/04/2009;1;48;180,8;11;7;1;1;1;;0;0;0;0;6,2;30;0;0;3,7;0;0;48;0;0;24;0;0;31,2;0;0;0;0;0;37,7;0;0;0;0;0;0;0;;1;1;1;1;1;1;1;1;1;1;1;1;1;1;1;1;1;1;1;1;1;1;1;1;1;1;1;1;1;1;0
1054002;1;01/03/2009;1;66,1;244,4;8;10;1;1;1;;0;0;0;0;5,1;0,9;0;0;66,1;0;0;0;12,1;0;0;44,3;0;38,9;0;0;0;0;10;7,9;48,1;0;0;0;0;11;0;0;1;1;1;1;1;1;1;1;1;1;1;1;1;1;1;1;1;1;1;1;1;1;1;1;1;1;1;1;1;1;1
1054002;1;01/02/2009;1;36,7;175,6;15;9;1;1;1;;0;12,8;0;0;13,7;0;0;0;30,7;0;0;0;0;11,7;0;36,7;0;0;0;0;0;15,3;12,9;0;0;24,7;0;17,1;0;;;;1;1;1;1;1;1;1;1;1;1;1;1;1;1;1;1;1;1;1;1;1;1;1;1;1;1;1;1;0;0;0
1054002;1;01/01/2009;1;30,5;181,7;31;14;1;1;1;;0;0;0;0;22,5;6,4;9,8;24,4;6,9;0;0;0;0;7,5;0;0;5,3;17,5;0;0;8,9;13,7;0;0;0;1,3;0;21,7;5,3;0;0;30,5;1;1;1;1;1;1;1;1;1;1;1;1;1;1;1;1;1;1;1;1;1;1;1;1;1;1;1;1;1;1;1
1054002;1;01/12/2008;1;44,2;220,8;23;14;1;1;1;;0;40,9;0;6,1;7;0;22,9;23,4;0;2,4;0;0;0;0;0;0;8,2;21,1;0;0;7,9;8,1;4,8;44,2;0;0;0;9,4;0;0;14,4;0;1;1;1;1;1;1;1;1;1;1;1;1;1;1;1;1;1;1;1;1;1;1;1;1;1;1;1;1;1;1;1
1054002;1;01/11/2008;1;68,1;311,7;24;15;3;3;3;;0;0;0;0;0;3,9;17,9;0;0;0;25,2;0;0;0;0;0;0;22,2;0;0;24,7;12,6;2,6;1,1;68,1;3,7;1,5;47,7;22,9;44,4;13,2;;1;1;1;1;1;1;1;1;1;1;1;1;1;1;1;1;3;1;1;1;1;1;1;1;1;1;1;1;3;1;0
1054002;1;01/10/2008;1;55;195;3;5;1;1;1;;0;0;0;55;0;0;0;44;0;0;0;0;0;0;0;0;0;0;0;41,3;31,9;0;0;0;0;22,8;0;0;0;0;0;0;1;1;1;1;1;1;1;1;1;1;1;1;1;1;1;1;1;1;1;1;1;1;1;1;1;1;1;1;1;1;1
1054002;1;01/09/2008;1;20,5;69,5;19;7;1;1;1;;0;5,5;0;0;0;0;0;2,1;0;0;4,2;0;0;0;0;0;0;0;20,2;20,5;13,2;0;0;0;0;0;0;0;3,8;0;0;;1;1;1;1;1;1;1;1;1;1;1;1;1;1;1;1;1;1;1;1;1;1;1;1;1;1;1;1;1;1;0
1054002;1;01/08/2008;1;0;0;1;0;1;1;1;;0;0;0;0;0;0;0;0;0;0;0;0;0;0;0;0;0;0;0;0;0;0;0;0;0;0;0;0;0;0;0;0;1;1;1;1;1;1;1;1;1;1;1;1;1;1;1;1;1;1;1;1;1;1;1;1;1;1;1;1;1;1;1
1054002;1;01/07/2008;1;0;0;1;0;1;1;1;;0;0;0;0;0;0;0;0;0;0;0;0;0;0;0;0;0;0;0;0;0;0;0;0;0;0;0;0;0;0;0;0;1;1;1;1;1;1;1;1;1;1;1;1;1;1;1;1;1;1;1;1;1;1;1;1;1;1;1;1;1;1;1
1054002;1;01/06/2008;1;5,5;5,5;2;1;1;1;1;;0;0;5,5;0;0;0;0;0;0;0;0;0;0;0;0;0;0;0;0;0;0;0;0;0;0;0;0;0;0;0;0;;1;1;1;1;1;1;1;1;1;1;1;1;1;1;1;1;1;1;1;1;1;1;1;1;1;1;1;1;1;1;0
1054002;1;01/05/2008;1;6,7;28;2;6;1;1;1;;0;0;6,7;5,9;0;0;3,5;0;0;6,1;0;0;0;0;0;0,2;0;0;0;0;0;0;0;0;0;0;0;0;0;0;0;5,6;1;1;1;1;1;1;1;1;1;1;1;1;1;1;1;1;1;1;1;1;1;1;1;1;1;1;1;1;1;1;1
1054002;1;01/04/2008;1;59,8;169,1;24;10;1;1;1;;0;9,6;20,3;11,7;0;1,3;0;0;0;0;0;0;1,8;0;0;0;0;6,9;0;0;0;0;0;0;59,8;0;8,9;0;0;12,4;36,4;;1;1;1;1;1;1;1;1;1;1;1;1;1;1;1;1;1;1;1;1;1;1;1;1;1;1;1;1;1;1;0
1054002;1;01/03/2008;1;53,9;262,6;8;12;1;1;1;;0;2;21,6;22,5;0;0;0;0;53,9;18;0;7;0;0;38,9;0;0;46,3;0;0;1,2;0;0;0;0;0;42,7;3,4;0;5,1;0;0;1;1;1;1;1;1;1;1;1;1;1;1;1;1;1;1;1;1;1;1;1;1;1;1;1;1;1;1;1;1;1
1054002;1;01/02/2008;1;36,6;175,9;25;13;3;3;3;;0;14,8;2;22,4;2;2;0;10,9;0;0;0;0;11,7;0;14,7;0;15,4;2,4;0;0;11;0;0;30;0;36,6;0;0;0;0;;;1;3;1;3;1;1;1;1;1;1;1;1;1;1;1;1;1;1;1;3;1;1;3;1;1;1;1;1;1;0;0
1054002;1;01/01/2008;1;49,7;283,7;19;14;1;1;1;;0;0;0;0;0;3;2;27,8;0;0;0;0;0;12,8;17,8;0;48,6;0;0;49,7;0;0;0;28,7;4,3;0;9,3;36,8;0;10,7;11,8;20,4;1;1;1;1;1;1;1;1;1;1;1;1;1;1;1;1;1;1;1;1;1;1;1;1;1;1;1;1;1;1;1
1054002;1;01/12/2007;1;77,2;388,8;24;10;1;1;1;;0;33,9;20;0;24,3;0;0;20,7;0;0;0;0;33,3;22,9;0;0;0;0;0;65,5;0;0;52,2;0;77,2;0;0;0;0;38,8;0;0;1;1;1;1;1;1;1;1;1;1;1;1;1;1;1;1;1;1;1;1;1;1;1;1;1;1;1;1;1;1;1
1054002;1;01/11/2007;1;33,9;139,9;30;5;1;1;1;;0;0;0;0;0;0;0;0;0;0;0;0;0;30,6;0;0;0;0;0;0;0;0;0;0;0;0;32,6;12,8;0;30;33,9;;1;1;1;1;1;1;1;1;1;1;1;1;1;1;1;1;1;1;1;1;1;1;1;1;1;1;1;1;1;1;0
1054002;1;01/10/2007;1;83,8;173,2;24;7;3;3;3;;0;0;0;18,4;0;0;0;0;0;22,9;0;0;0;0;0;0;0;0;19,1;0;0;0;0;0;83,8;17,5;3,6;7,9;0;0;0;0;1;1;3;1;1;1;1;1;3;1;1;1;1;1;1;1;1;3;1;1;1;1;1;3;1;1;1;1;1;1;1
1054002;1;01/09/2007;1;18,3;20,9;20;2;1;1;1;;0;0;0;0;0;0;0;0;0;0;0;0;0;0;0;0;0;0;0;0;18,3;0;0;2,6;0;0;0;0;0;0;0;;1;1;1;1;1;1;1;1;1;1;1;1;1;1;1;1;1;1;1;1;1;1;1;1;1;1;1;1;1;1;0
1054002;1;01/08/2007;1;0;0;1;0;1;1;1;;0;0;0;0;0;0;0;0;0;0;0;0;0;0;0;0;0;0;0;0;0;0;0;0;0;0;0;0;0;0;0;0;1;1;1;1;1;1;1;1;1;1;1;1;1;1;1;1;1;1;1;1;1;1;1;1;1;1;1;1;1;1;1
1054002;1;01/07/2007;1;0;0;1;0;1;1;1;;0;0;0;0;0;0;0;0;0;0;0;0;0;0;0;0;0;0;0;0;0;0;0;0;0;0;0;0;0;0;0;0;1;1;1;1;1;1;1;1;1;1;1;1;1;1;1;1;1;1;1;1;1;1;1;1;1;1;1;1;1;1;1
1054002;1;01/06/2007;1;0;0;1;0;1;1;1;;0;0;0;0;0;0;0;0;0;0;0;0;0;0;0;0;0;0;0;0;0;0;0;0;0;0;0;0;0;0;0;;1;1;1;1;1;1;1;1;1;1;1;1;1;1;1;1;1;1;1;1;1;1;1;1;1;1;1;1;1;1;0
1054002;1;01/05/2007;1;96,9;134,6;24;3;3;3;3;;0;0;0;0;0;0;0;0;0;0;15,2;0;0;0;0;0;0;0;0;0;22,5;0;0;0;96,9;0;0;0;0;0;0;0;1;1;1;1;1;1;1;1;1;3;1;1;1;1;1;1;1;1;1;3;1;1;1;3;1;1;1;1;1;1;1
1054002;1;01/04/2007;1;96,9;157,2;24;4;3;3;3;;0;0;0;0;22,6;0;0;0;0;0;15,2;0;0;0;0;0;0;0;0;0;22,5;0;0;0;96,9;0;0;0;0;0;0;;1;1;1;1;1;1;1;1;1;3;1;1;1;1;1;1;1;1;1;3;1;1;1;3;1;1;1;1;1;1;0
1054002;1;01/03/2007;1;86,7;243,5;20;6;1;1;1;;0;0;0;0;16,5;0;0;10,5;0;0;0;0;0;81,3;27,5;0;0;0;0;0;86,7;0;0;0;0;0;21;0;0;0;0;0;1;1;1;1;1;1;1;1;1;1;1;1;1;1;1;1;1;1;1;1;1;1;1;1;1;1;1;1;1;1;1
1054002;1;01/02/2007;1;79,7;316,5;15;12;1;1;1;;0;0;0;0;11,3;0;0;19;11;0;0;0;10,3;0;0;79,7;55,5;0;0;52,1;15,6;13,3;11,5;24,7;0;12,5;0;0;0;;;;1;1;1;1;1;1;1;1;1;1;1;1;1;1;1;1;1;1;1;1;1;1;1;1;1;1;1;1;0;0;0
1054002;1;01/01/2007;1;88,7;327,5;29;12;1;1;1;;0;0;0;0,5;24,1;0;23,5;30,6;0,2;0;22,8;0;22,6;0;0;0;0;25,5;0;9,4;0;0;0;0;0;0;33,5;46,1;0;88,7;0;0;1;1;1;1;1;1;1;1;1;1;1;1;1;1;1;1;1;1;1;1;1;1;1;1;1;1;1;1;1;1;1
1054002;2;01/12/2006;1;95,7;577,4;23;12;1;1;1;;0;0;0;26,5;27,7;0;0;0;77,8;0;28,3;0;0;47,7;0;0;0;0;0;79,5;0;16,3;0;95,7;0;0;31,5;0;25,7;85;0;35,7;1;1;1;1;1;1;1;1;1;1;1;1;1;1;1;1;1;1;1;1;1;1;1;1;1;1;1;1;1;1;1
1054002;1;01/12/2006;1;95,7;577,4;23;12;1;1;1;;0;0;0;26,5;27,7;0;0;0;77,8;0;28,3;0;0;47,7;0;0;0;0;0;79,5;0;16,3;0;95,7;0;0;31,5;0;25,7;85;0;35,7;1;1;1;1;1;1;1;1;1;1;1;1;1;1;1;1;1;1;1;1;1;1;1;1;1;1;1;1;1;1;1
1054002;2;01/11/2006;1;91;317,9;23;7;1;1;1;;0;0;86;0;0;0;0;22;0;0;35,5;0;0;0;23,9;0;0;0;0;0;28,5;0;0;91;0;0;0;31;0;0;0;;1;1;1;1;1;1;1;1;1;1;1;1;1;1;1;1;1;1;1;1;1;1;1;1;1;1;1;1;1;1;0
1054002;1;01/11/2006;1;91;317,9;23;7;1;1;1;;0;0;86;0;0;0;0;22;0;0;35,5;0;0;0;23,9;0;0;0;0;0;28,5;0;0;91;0;0;0;31;0;0;0;;1;1;1;1;1;1;1;1;1;1;1;1;1;1;1;1;1;1;1;1;1;1;1;1;1;1;1;1;1;1;0
1054002;2;01/10/2006;1;122;236,7;17;3;1;1;1;;0;0;0;0;0;0;0;0;23,2;0;0;0;0;0;0;0;0;122;0;0;0;0;0;91,5;0;0;0;0;0;0;0;0;1;1;1;1;1;1;1;1;1;1;1;1;1;1;1;1;1;1;1;1;1;1;1;1;1;1;1;1;1;1;1
1054002;1;01/10/2006;1;122;236,7;17;3;1;1;1;;0;0;0;0;0;0;0;0;23,2;0;0;0;0;0;0;0;0;122;0;0;0;0;0;91,5;0;0;0;0;0;0;0;0;1;1;1;1;1;1;1;1;1;1;1;1;1;1;1;1;1;1;1;1;1;1;1;1;1;1;1;1;1;1;1
1054002;2;01/09/2006;1;43,4;108,3;1;3;1;1;1;;0;43,4;0;0;0;0;0;0;0;0;0;0;0;0;0;0;0;0;43,1;0;0;0;0;0;0;0;0;21,8;0;0;0;;1;1;1;1;1;1;1;1;1;1;1;1;1;1;1;1;1;1;1;1;1;1;1;1;1;1;1;1;1;1;0
1054002;1;01/09/2006;1;43,4;108,3;1;3;1;1;1;;0;43,4;0;0;0;0;0;0;0;0;0;0;0;0;0;0;0;0;43,1;0;0;0;0;0;0;0;0;21,8;0;0;0;;1;1;1;1;1;1;1;1;1;1;1;1;1;1;1;1;1;1;1;1;1;1;1;1;1;1;1;1;1;1;0
1054002;2;01/08/2006;1;0;0;1;0;1;1;1;;0;0;0;0;0;0;0;0;0;0;0;0;0;0;0;0;0;0;0;0;0;0;0;0;0;0;0;0;0;0;0;0;1;1;1;1;1;1;1;1;1;1;1;1;1;1;1;1;1;1;1;1;1;1;1;1;1;1;1;1;1;1;1
1054002;1;01/08/2006;1;0;0;1;0;1;1;1;;0;0;0;0;0;0;0;0;0;0;0;0;0;0;0;0;0;0;0;0;0;0;0;0;0;0;0;0;0;0;0;0;1;1;1;1;1;1;1;1;1;1;1;1;1;1;1;1;1;1;1;1;1;1;1;1;1;1;1;1;1;1;1
1054002;2;01/07/2006;1;0;0;1;0;1;1;1;;0;0;0;0;0;0;0;0;0;0;0;0;0;0;0;0;0;0;0;0;0;0;0;0;0;0;0;0;0;0;0;0;1;1;1;1;1;1;1;1;1;1;1;1;1;1;1;1;1;1;1;1;1;1;1;1;1;1;1;1;1;1;1
1054002;1;01/07/2006;1;0;0;1;0;1;1;1;;0;0;0;0;0;0;0;0;0;0;0;0;0;0;0;0;0;0;0;0;0;0;0;0;0;0;0;0;0;0;0;0;1;1;1;1;1;1;1;1;1;1;1;1;1;1;1;1;1;1;1;1;1;1;1;1;1;1;1;1;1;1;1
1054002;2;01/06/2006;1;0;0;1;0;1;1;1;;0;0;0;0;0;0;0;0;0;0;0;0;0;0;0;0;0;0;0;0;0;0;0;0;0;0;0;0;0;0;0;;1;1;1;1;1;1;1;1;1;1;1;1;1;1;1;1;1;1;1;1;1;1;1;1;1;1;1;1;1;1;0
1054002;1;01/06/2006;1;0;0;1;0;1;1;1;;0;0;0;0;0;0;0;0;0;0;0;0;0;0;0;0;0;0;0;0;0;0;0;0;0;0;0;0;0;0;0;;1;1;1;1;1;1;1;1;1;1;1;1;1;1;1;1;1;1;1;1;1;1;1;1;1;1;1;1;1;1;0
1054002;2;01/05/2006;1;12,3;21;1;3;1;1;1;;0;12,3;2,3;0;0;0;0;0;0;0;0;0;0;0;0;0;0;0;0;0;6,4;0;0;0;0;0;0;0;0;0;0;0;1;1;1;1;1;1;1;1;1;1;1;1;1;1;1;1;1;1;1;1;1;1;1;1;1;1;1;1;1;1;1
1054002;1;01/05/2006;1;12,3;21;1;3;1;1;1;;0;12,3;2,3;0;0;0;0;0;0;0;0;0;0;0;0;0;0;0;0;0;6,4;0;0;0;0;0;0;0;0;0;0;0;1;1;1;1;1;1;1;1;1;1;1;1;1;1;1;1;1;1;1;1;1;1;1;1;1;1;1;1;1;1;1
1054002;2;01/04/2006;1;52,5;338,7;2;12;1;1;1;;0;0;52,5;0;0;0;0;36,5;0;0;23;25;25,1;6,4;0;23,5;36,6;0;0;0;0;20,7;0;0;0;10,3;29,1;0;0;0;50;;1;1;1;1;1;1;1;1;1;1;1;1;1;1;1;1;1;1;1;1;1;1;1;1;1;1;1;1;1;1;0
1054002;1;01/04/2006;1;52,5;338,7;2;12;1;1;1;;0;0;52,5;0;0;0;0;36,5;0;0;23;25;25,1;6,4;0;23,5;36,6;0;0;0;0;20,7;0;0;0;10,3;29,1;0;0;0;50;;1;1;1;1;1;1;1;1;1;1;1;1;1;1;1;1;1;1;1;1;1;1;1;1;1;1;1;1;1;1;0
1054002;2;01/03/2006;1;126,5;272,2;11;11;1;1;1;;0;0;0;22;0;0;0;0;9,5;3,5;52;126,5;0;0;0;0;2;0;6,7;0;0;0;16,5;0;0;0;14,5;0;0;6,7;0;12,3;1;1;1;1;1;1;1;1;1;1;1;1;1;1;1;1;1;1;1;1;1;1;1;1;1;1;1;1;1;1;1
1054002;1;01/03/2006;1;126,5;272,2;11;11;1;1;1;;0;0;0;22;0;0;0;0;9,5;3,5;52;126,5;0;0;0;0;2;0;6,7;0;0;0;16,5;0;0;0;14,5;0;0;6,7;0;12,3;1;1;1;1;1;1;1;1;1;1;1;1;1;1;1;1;1;1;1;1;1;1;1;1;1;1;1;1;1;1;1
1054002;2;01/02/2006;1;56,5;278,5;15;16;1;1;1;;0;0;4,5;0;0;0;6,7;0;1;4,2;0;26,6;15,7;14,6;1,9;56,5;0;0;9,5;10,7;34,5;27,5;0;0;3,5;43,6;0;0;17,5;;;;1;1;1;1;1;1;1;1;1;1;1;1;1;1;1;1;1;1;1;1;1;1;1;1;1;1;1;1;0;0;0
1054002;1;01/02/2006;1;56,5;278,5;15;16;1;1;1;;0;0;4,5;0;0;0;6,7;0;1;4,2;0;26,6;15,7;14,6;1,9;56,5;0;0;9,5;10,7;34,5;27,5;0;0;3,5;43,6;0;0;17,5;;;;1;1;1;1;1;1;1;1;1;1;1;1;1;1;1;1;1;1;1;1;1;1;1;1;1;1;1;1;0;0;0
1054002;2;01/01/2006;1;63;280,3;14;14;1;1;1;;0;18,4;44,3;0;29,5;0;7,1;0;7,5;4,5;3,1;0;42,5;0;63;0;0;0;9,5;0;0;0;0;0;0;7,9;3;0;27,5;0;0;12,5;1;1;1;1;1;1;1;1;1;1;1;1;1;1;1;1;1;1;1;1;1;1;1;1;1;1;1;1;1;1;1
1054002;1;01/01/2006;1;63;280,3;14;14;1;1;1;;0;18,4;44,3;0;29,5;0;7,1;0;7,5;4,5;3,1;0;42,5;0;63;0;0;0;9,5;0;0;0;0;0;0;7,9;3;0;27,5;0;0;12,5;1;1;1;1;1;1;1;1;1;1;1;1;1;1;1;1;1;1;1;1;1;1;1;1;1;1;1;1;1;1;1
1054002;1;01/12/2005;1;63,6;316;12;16;1;1;1;;0;8,3;0,5;0;0;0;0;27,5;51,8;17,7;0;4,9;63,6;18,6;15,5;13,5;33,3;0,9;0;0;0;15,6;0;0;13,6;0;0;0;7,3;0;23,4;0;1;1;1;1;1;1;1;1;1;1;1;1;1;1;1;1;1;1;1;1;1;1;1;1;1;1;1;1;1;1;1
1054002;1;01/11/2005;1;;;;;0;0;0;;0;0;0;0;0;0;0;0;0;0;0;40,9;0;13,6;0;1;0;0;13,1;9,1;18,4;0;31;0;24;8,8;;3;3,7;2,8;5,2;;1;1;1;1;1;1;1;1;1;1;1;1;1;1;1;1;1;1;1;1;1;1;1;1;1;4;4;1;1;1;0
1054002;1;01/10/2005;1;22,6;76,7;21;8;1;1;1;;0;0;0;0;4,9;0;0;0;5,8;0;0;0;0;19,3;0;3;13,6;1,3;0;0;0;22,6;0;0;0;0;0;0;0;0;0;6,2;1;1;1;1;1;1;1;1;1;1;1;1;1;1;1;1;1;1;1;1;1;1;1;1;1;1;1;1;1;1;1
1054002;2;01/09/2005;1;35,7;96,6;5;6;1;1;1;;0;16,6;15,7;0;0;35,7;0;0;0;0;3,9;0;0;0;0;0;0;0;0;0;0;0;0;0;0;0;0;6;0;18,7;0;;1;1;1;1;1;1;1;1;1;1;1;1;1;1;1;1;1;1;1;1;1;1;1;1;1;1;1;1;1;1;0
1054002;1;01/09/2005;1;35,7;96,6;5;6;1;1;1;;0;16,6;15,7;0;0;35,7;0;0;0;0;3,9;0;0;0;0;0;0;0;0;0;0;0;0;0;0;0;0;6;0;18,7;0;;1;1;1;1;1;1;1;1;1;1;1;1;1;1;1;1;1;1;1;1;1;1;1;1;1;1;1;1;1;1;0
1054002;2;01/08/2005;1;0;0;1;0;1;1;1;;0;0;0;0;0;0;0;0;0;0;0;0;0;0;0;0;0;0;0;0;0;0;0;0;0;0;0;0;0;0;0;0;1;1;1;1;1;1;1;1;1;1;1;1;1;1;1;1;1;1;1;1;1;1;1;1;1;1;1;1;1;1;1
1054002;1;01/08/2005;1;0;0;1;0;1;1;1;;0;0;0;0;0;0;0;0;0;0;0;0;0;0;0;0;0;0;0;0;0;0;0;0;0;0;0;0;0;0;0;0;1;1;1;1;1;1;1;1;1;1;1;1;1;1;1;1;1;1;1;1;1;1;1;1;1;1;1;1;1;1;1
1054002;2;01/07/2005;1;0;0;1;0;1;1;1;;0;0;0;0;0;0;0;0;0;0;0;0;0;0;0;0;0;0;0;0;0;0;0;0;0;0;0;0;0;0;0;0;1;1;1;1;1;1;1;1;1;1;1;1;1;1;1;1;1;1;1;1;1;1;1;1;1;1;1;1;1;1;1
1054002;1;01/07/2005;1;0;0;1;0;1;1;1;;0;0;0;0;0;0;0;0;0;0;0;0;0;0;0;0;0;0;0;0;0;0;0;0;0;0;0;0;0;0;0;0;1;1;1;1;1;1;1;1;1;1;1;1;1;1;1;1;1;1;1;1;1;1;1;1;1;1;1;1;1;1;1
1054002;1;01/06/2005;1;1,9;1,9;29;;3;3;3;;0;0;0;0;0;0;0;0;0;0;0;0;0;0;0;0;0;0;0;0;0;0;0;0;0;0;0;0;0;1,9;0;;1;1;1;1;1;1;1;1;1;1;1;1;1;1;1;1;1;1;1;1;1;1;1;1;1;1;1;1;3;4;0
1054002;2;01/05/2005;1;5,7;13,3;10;4;1;1;1;;0;0,5;0;0;0;5,6;0;0;0;0;5,7;0;0;0;0;0;0;0;0;0;0;0;0;1,5;0;0;0;0;0;0;0;0;1;1;1;1;1;1;1;1;1;1;1;1;1;1;1;1;1;1;1;1;1;1;1;1;1;1;1;1;1;1;1
1054002;1;01/05/2005;1;5,7;13,3;10;4;1;1;1;;0;0,5;0;0;0;5,6;0;0;0;0;5,7;0;0;0;0;0;0;0;0;0;0;0;0;1,5;0;0;0;0;0;0;0;0;1;1;1;1;1;1;1;1;1;1;1;1;1;1;1;1;1;1;1;1;1;1;1;1;1;1;1;1;1;1;1
1054002;2;01/04/2005;1;79,1;168,8;20;8;1;1;1;;0;0;0,5;0;11,3;0;0;0;0;0;0;0;0;0;0;0;0;0;0;0;79,1;12,8;0;8,6;0;1,2;42,3;0;0;0;13;;1;1;1;1;1;1;1;1;1;1;1;1;1;1;1;1;1;1;1;1;1;1;1;1;1;1;1;1;1;1;0
1054002;1;01/04/2005;1;79,1;168,8;20;8;1;1;1;;0;0;0,5;0;11,3;0;0;0;0;0;0;0;0;0;0;0;0;0;0;0;79,1;12,8;0;8,6;0;1,2;42,3;0;0;0;13;;1;1;1;1;1;1;1;1;1;1;1;1;1;1;1;1;1;1;1;1;1;1;1;1;1;1;1;1;1;1;0
1054002;2;01/03/2005;1;72,9;372,9;20;24;1;1;1;;0;0,4;0;4,9;26;1,1;8,8;0;23,2;3,9;28,6;27,4;6;16,7;7,6;6,4;49,5;7,6;12,5;9,6;72,9;0,4;6,3;15,8;0;14,1;0;0;0;14,8;0;8,4;1;1;1;1;1;1;1;1;1;1;1;1;1;1;1;1;1;1;1;1;1;1;1;1;1;1;1;1;1;1;1
1054002;1;01/03/2005;1;72,9;372,9;20;24;1;1;1;;0;0,4;0;4,9;26;1,1;8,8;0;23,2;3,9;28,6;27,4;6;16,7;7,6;6,4;49,5;7,6;12,5;9,6;72,9;0,4;6,3;15,8;0;14,1;0;0;0;14,8;0;8,4;1;1;1;1;1;1;1;1;1;1;1;1;1;1;1;1;1;1;1;1;1;1;1;1;1;1;1;1;1;1;1
1054002;2;01/02/2005;1;51,3;303,8;3;15;1;1;1;;0;0;7,6;51,3;33,9;32;0;0;11;0;0;34,5;27,3;3;23,4;10,3;0;7;7;0;0;0;36;0;0;12,6;0;0;6,9;;;;1;1;1;1;1;1;1;1;1;1;1;1;1;1;1;1;1;1;1;1;1;1;1;1;1;1;1;1;0;0;0
1054002;1;01/02/2005;1;51,3;303,8;3;15;1;1;1;;0;0;7,6;51,3;33,9;32;0;0;11;0;0;34,5;27,3;3;23,4;10,3;0;7;7;0;0;0;36;0;0;12,6;0;0;6,9;;;;1;1;1;1;1;1;1;1;1;1;1;1;1;1;1;1;1;1;1;1;1;1;1;1;1;1;1;1;0;0;0
1054002;2;01/01/2005;1;632,1;277,9;23;15;1;1;1;;0;4,5;0;43,9;0;0;19,5;14,6;0;0;2,8;0;0;0;0;17;0;0;13,9;2,1;6,7;0;0;62,1;0,5;0;70,6;0;0,9;8;0;10,8;1;1;1;1;1;1;1;1;1;1;1;1;1;1;1;1;1;1;1;1;1;1;1;1;1;1;1;1;1;1;1
1054002;1;01/01/2005;1;632,1;277,9;23;15;1;1;1;;0;4,5;0;43,9;0;0;19,5;14,6;0;0;2,8;0;0;0;0;17;0;0;13,9;2,1;6,7;0;0;62,1;0,5;0;70,6;0;0,9;8;0;10,8;1;1;1;1;1;1;1;1;1;1;1;1;1;1;1;1;1;1;1;1;1;1;1;1;1;1;1;1;1;1;1
1054002;2;01/12/2004;1;;297,4;;;0;2;0;;0;;;;;;;;;;;;;0;0;0;11,3;0;73,5;0;6,4;1,7;0;0;11,1;0;35,1;27;33,9;0;16;9,7;0;0;0;0;0;0;0;0;0;0;0;0;1;1;1;1;1;1;1;1;1;1;1;1;1;1;1;1;1;1;1
1054002;1;01/12/2004;1;;;;;0;0;0;;0;;;;;;;;;;;;364,1;0;0;0;11,3;0;73,5;0;6,4;1,7;0;0;11,1;0;35,1;27;33,9;0;16;9,7;0;0;0;0;0;0;0;0;0;0;0;4;1;1;1;1;1;1;1;1;1;1;1;1;1;1;1;1;1;1;1
1054002;2;01/11/2004;1;;194,8;;;0;2;0;;0;;;;;;;;;;;;;;;;;;;;;;;;;;;;;;;;0;0;0;0;0;0;0;0;0;0;0;0;0;0;0;0;0;0;0;0;0;0;0;0;0;0;0;0;0;0;0
1054002;2;01/10/2004;1;;234,7;;;0;2;0;;0;;;;;;;;;;;;;;;;;;;;;;;;;;;;;;;;0;0;0;0;0;0;0;0;0;0;0;0;0;0;0;0;0;0;0;0;0;0;0;0;0;0;0;0;0;0;0
